LG,position,marker,nnfit
1,0,TIG003_1324422,2.210487542
1,0,TIG003_1352904,2.210487542
1,2.2,TIG003_719386,22.06150528
1,2.2,TIG003_755682,22.06150528
1,2.2,TIG003_886870,22.06150528
1,2.2,TIG003_921894,22.06150528
1,2.2,TIG003_1009097,22.06150528
1,2.2,TIG003_1028527,22.06150528
1,2.2,TIG003_1030066,22.06150528
1,2.2,TIG003_1030742,22.06150528
1,2.2,TIG003_1058288,22.06150528
1,2.2,TIG003_1069724,22.06150528
1,2.2,TIG003_1147342,22.06150528
1,2.2,TIG003_1147451,22.06150528
1,2.2,TIG003_1147521,22.06150528
1,2.2,TIG003_1161265,22.06150528
1,2.2,TIG003_1161310,22.06150528
1,2.2,TIG003_1165833,22.06150528
1,2.2,TIG003_1165864,22.06150528
1,2.2,TIG003_1183750,22.06150528
1,2.2,TIG003_1183794,22.06150528
1,2.2,TIG003_815146,22.06150528
1,2.2,TIG003_1219462,22.06150528
1,2.2,TIG003_1219483,22.06150528
1,2.2,TIG003_1103588,22.06150528
1,2.2,TIG003_1103606,22.06150528
1,2.2,TIG003_1103615,22.06150528
1,2.2,TIG003_1219696,22.06150528
1,2.2,TIG003_1219719,22.06150528
1,2.2,TIG003_1219740,22.06150528
1,2.2,TIG003_1100262,22.06150528
1,2.2,TIG003_1100272,22.06150528
1,21.9,TIG137_1838917,37.57690892
1,21.9,TIG137_1838980,37.57690892
1,39.8,TIG137_1673212,21.12261691
1,43.2,TIG137_1204326,3.527088127
1,43.3,TIG137_1097152,0.194438894
1,43.4,TIG137_1123889,0.047405255
1,43.4,TIG137_1123897,0.047405255
1,43.4,TIG137_1561074,0.017398604
1,43.4,TIG137_1561032,0.017398604
1,43.4,TIG137_1097370,0.017398604
1,43.4,TIG137_1297653,0.017398604
1,43.4,TIG137_1379851,0.017398604
1,43.4,TIG137_1097217,5.358845365
1,43.4,TIG137_1097248,5.358845365
1,43.4,TIG137_1097260,5.358845365
1,43.4,TIG137_1126603,5.358845365
1,43.4,TIG137_1153062,5.358845365
1,43.4,TIG137_1211480,5.358845365
1,43.4,TIG137_1297743,5.358845365
1,43.4,TIG137_1297762,5.358845365
1,43.4,TIG137_1297775,5.358845365
1,43.4,TIG137_1297784,5.358845365
1,43.4,TIG137_1297823,5.358845365
1,43.4,TIG137_1324323,5.358845365
1,43.4,TIG137_1354835,5.358845365
1,43.4,TIG137_1354839,5.358845365
1,43.4,TIG137_1354852,5.358845365
1,43.4,TIG137_1354875,5.358845365
1,43.4,TIG137_1446489,5.358845365
1,43.4,TIG137_1446524,5.358845365
1,43.4,TIG137_1446639,5.358845365
1,43.4,TIG137_1561300,5.358845365
1,43.4,TIG137_1327321,5.358845365
1,43.4,TIG137_1178848,5.358845365
1,43.4,TIG137_1297675,5.358845365
1,43.4,TIG137_1297679,5.358845365
1,44.3,TIG137_85734,0.127924014
1,44.5,TIG046_446912,0.176452657
1,44.5,TIG046_446992,0.176452657
1,44.5,TIG046_446997,0.176452657
1,44.5,TIG046_523236,0.176452657
1,44.5,TIG046_539373,0.176452657
1,44.5,TIG137_101722,0.176452657
1,44.5,TIG137_101668,0.176452657
1,44.5,TIG046_495595,1.223249631
1,45.7,TIG137_194896,22.47820251
1,45.7,TIG137_194951,22.47820251
1,48.7,TIG137_1021530,23.52355537
1,48.7,TIG137_1021582,23.52355537
1,48.7,TIG137_1021591,23.52355537
1,66.8,TIG137_326862,18.05597539
1,66.8,TIG137_347040,18.05597539
1,66.8,TIG137_347067,18.05597539
1,66.8,TIG137_616544,18.05597539
1,66.8,TIG137_616557,18.05597539
1,66.8,TIG137_616562,18.05597539
1,66.8,TIG137_616590,18.05597539
1,66.8,TIG137_616649,18.05597539
1,66.8,TIG137_616681,18.05597539
1,66.8,TIG137_651581,18.05597539
1,66.8,TIG137_651604,18.05597539
1,66.8,TIG137_651653,18.05597539
1,66.8,TIG137_651686,18.05597539
1,66.8,TIG137_651712,18.05597539
1,66.8,TIG137_651715,18.05597539
1,66.8,TIG137_651738,18.05597539
1,66.8,TIG137_833469,18.05597539
1,66.8,TIG137_833586,18.05597539
1,66.8,TIG137_833636,18.05597539
1,66.8,TIG137_833671,18.05597539
1,66.8,TIG137_833705,18.05597539
1,66.8,TIG137_833799,18.05597539
1,66.8,TIG137_833864,18.05597539
1,66.8,TIG137_839075,18.05597539
1,66.8,TIG137_843651,18.05597539
1,66.8,TIG137_848122,18.05597539
1,66.8,TIG137_849049,18.05597539
1,66.8,TIG137_988576,18.05597539
1,66.8,TIG137_648217,18.05597539
1,66.8,TIG137_769257,18.05597539
1,66.8,TIG137_764686,18.05597539
1,66.8,TIG137_648028,18.05597539
1,66.8,TIG137_648036,18.05597539
1,66.8,TIG137_648046,18.05597539
1,66.9,TIG137_654912,0.113044002
2,0,TIG135_64321,0.074210003
2,0,TIG135_24791,0.152290368
2,0,TIG135_232836,0.078080365
2,0,TIG135_153155,0.052680258
2,0,TIG114_2194586,0.090197851
2,0,TIG135_146958,0.037517593
2,0,TIG135_145074,0.012500651
2,0,TIG114_2532316,0.012500651
2,0,TIG114_2508246,0.011905324
2,0,TIG114_2345001,0.023533755
2,0,TIG114_2283253,0.1410992
2,0,TIG135_64389,0.074210003
2,0,TIG135_64421,0.074210003
2,0,TIG135_146698,0.074210003
2,0,TIG135_146763,0.074210003
2,0,TIG135_146913,0.074210003
2,0,TIG135_146931,0.074210003
2,0,TIG135_150062,0.074210003
2,0,TIG135_150097,0.074210003
2,0,TIG135_176447,0.074210003
2,0,TIG135_176480,0.074210003
2,0,TIG135_186366,0.074210003
2,0,TIG135_186419,0.074210003
2,0,TIG135_186456,0.074210003
2,0,TIG135_24510,0.152290368
2,0,TIG135_232864,0.078080365
2,0,TIG135_153174,0.052680258
2,0,TIG135_153208,0.052680258
2,0,TIG114_2194596,0.090197851
2,0,TIG114_2194743,0.090197851
2,0,TIG114_2194789,0.090197851
2,0,TIG114_2194799,0.090197851
2,0,TIG114_2280117,0.090197851
2,0,TIG114_2532346,0.012500651
2,0,TIG114_2508288,0.011905324
2,0,TIG114_2508319,0.011905324
2,0,TIG114_2508325,0.011905324
2,0,TIG114_2345016,0.023533755
2,0,TIG114_2456468,0.023533755
2,0.1,TIG114_2017323,64.79231487
2,0.1,TIG114_2112152,64.79231487
2,27.7,TIG004_42030,1.275493119
2,29,TIG004_201800,2.98768343
2,29,TIG004_70106,2.98768343
2,30.6,TIG004_863123,1.58516497
2,30.6,TIG004_462283,0
2,30.6,TIG004_503202,1.342297709
2,30.6,TIG004_481411,0
2,30.6,TIG004_481440,0
2,30.6,TIG004_511887,0
2,30.6,TIG004_511900,0
2,30.6,TIG004_696004,0
2,30.6,TIG004_836838,0
2,30.6,TIG004_912352,0
2,30.6,TIG004_509192,0
2,30.6,TIG004_503219,1.342297709
2,32,TIG004_1092317,1.764868721
2,32,TIG004_1202081,1.764868721
2,32,TIG004_1202110,1.764868721
2,32,TIG004_1202116,1.764868721
2,32.4,TIG004_1297003,1.080776565
2,32.4,TIG004_1281179,1.080776565
2,33.1,TIG004_1332088,66.89605725
2,64.5,TIG114_1847636,64.14745222
2,64.5,TIG114_1807601,0.157477962
2,64.5,TIG114_1889643,64.14745222
2,64.5,TIG114_1889693,64.14745222
2,64.5,TIG114_1883172,64.14745222
2,64.5,TIG114_1883200,64.14745222
2,64.5,TIG114_1596453,0.145671318
2,64.5,TIG114_1709542,0
2,64.5,TIG114_1468892,0.012048776
2,64.5,TIG114_1335095,0.012048776
2,64.5,TIG114_845315,60.7530433
2,64.5,TIG114_1774042,0.145671318
2,64.5,TIG114_1632722,0.145671318
2,64.5,TIG114_1497692,0.145671318
2,64.5,TIG114_1497701,0.145671318
2,64.5,TIG114_1497766,0.145671318
2,64.5,TIG114_1773834,0.145671318
2,64.5,TIG114_1497860,0.145671318
2,64.5,TIG114_1709614,0
2,64.5,TIG114_1468916,0.012048776
2,64.5,TIG114_1498047,0.012048776
2,64.5,TIG114_1498060,0.012048776
2,64.5,TIG114_1498068,0.012048776
2,64.5,TIG114_1745765,0.012048776
2,64.5,TIG114_1335103,0.012048776
2,64.5,TIG114_845334,60.7530433
2,64.5,TIG114_845339,60.7530433
2,64.5,TIG114_845395,60.7530433
2,64.5,TIG114_845514,60.7530433
2,64.5,TIG114_845523,60.7530433
2,64.5,TIG114_1155063,60.7530433
2,99.1,TIG004_1428433,65.88564473
2,99.1,TIG004_1376277,0.025860642
2,99.1,TIG004_1682334,2.908949399
2,99.1,TIG004_1554430,65.88564473
2,99.1,TIG004_1711715,65.88564473
2,99.1,TIG004_1711883,65.88564473
2,99.1,TIG004_1726551,65.88564473
2,101.9,TIG004_2055735,2.664076569
2,101.9,TIG004_2343162,0.035162187
2,101.9,TIG004_2643065,0.024129082
2,101.9,TIG004_2368037,1.261357076
2,101.9,TIG004_2055919,2.664076569
2,101.9,TIG004_2348939,0.035162187
2,101.9,TIG004_2348953,0.035162187
2,101.9,TIG004_2399631,0.035162187
2,101.9,TIG004_2417647,0.035162187
2,101.9,TIG004_2417706,0.035162187
2,101.9,TIG004_2417746,0.035162187
2,101.9,TIG004_2643101,0.024129082
2,101.9,TIG004_2643109,0.024129082
2,101.9,TIG004_2784020,0.024129082
2,101.9,TIG004_2784037,0.024129082
2,101.9,TIG004_2784048,0.024129082
2,101.9,TIG004_2784076,0.024129082
2,101.9,TIG004_2784095,0.024129082
2,101.9,TIG004_2784143,0.024129082
2,101.9,TIG004_2784151,0.024129082
2,103.1,TIG004_2898962,8.556820138
2,103.1,TIG004_2915688,8.556820138
2,110.4,TIG004_3219047,11.89728288
2,115,TIG004_3379744,5.936205179
2,115,TIG004_3379804,5.936205179
2,116.4,TIG004_3503801,1.438813462
2,116.5,TIG004_3740351,8.666763357
2,124.9,TIG004_3882629,21.80503621
2,124.9,TIG004_3882694,21.80503621
2,138.3,TIG004_3954345,13.5677553
2,138.3,TIG004_4180696,13.5677553
2,138.3,TIG004_4232837,13.5677553
2,138.3,TIG004_4259568,13.5677553
2,138.3,TIG004_4262776,13.5677553
2,138.3,TIG004_4280667,13.5677553
2,138.3,TIG004_3950995,13.5677553
2,138.3,TIG004_3951009,13.5677553
2,138.6,TIG004_3954215,2.418397334
2,138.6,TIG004_3954278,2.418397334
2,138.6,TIG004_3954205,2.418397334
2,140.7,TIG004_4390856,11.31840813
2,140.7,TIG004_4390902,11.31840813
2,140.7,TIG004_4391021,11.31840813
2,149.8,TIG114_475174,9.065563282
2,149.8,TIG114_482216,0.048230133
2,149.8,TIG114_745227,0.135954472
2,149.8,TIG004_4815218,0.087724339
2,149.8,TIG114_511146,0.048230133
2,149.8,TIG114_688799,0.048230133
2,149.8,TIG004_4853560,0.087724339
2,149.8,TIG004_4853649,0.087724339
2,149.8,TIG004_4853682,0.087724339
2,149.8,TIG004_4722456,0.087724339
3,0,TIG021_541080,0.117687351
3,0.1,TIG021_462095,0.672715783
3,0.1,TIG021_463255,0.672715783
3,0.1,TIG021_547541,0.672715783
3,0.1,TIG021_582025,0.672715783
3,0.7,TIG021_532010,2.239181489
3,2.3,TIG021_86888,4.109096444
3,2.3,TIG021_86910,4.109096444
3,4.8,TIG116_796303,3.693905024
3,4.8,TIG116_796442,3.693905024
3,6.1,TIG116_628840,1.26985952
3,6.1,TIG116_628861,1.26985952
3,6.1,TIG116_650530,1.26985952
3,6.1,TIG116_650582,1.26985952
3,6.1,TIG116_692253,1.26985952
3,6.1,TIG116_726941,1.26985952
3,6.1,TIG116_727004,1.26985952
3,6.1,TIG116_727134,1.26985952
3,6.1,TIG116_727197,1.26985952
3,6.1,TIG116_727215,1.26985952
3,6.1,TIG116_727236,1.26985952
3,6.1,TIG116_727487,1.26985952
3,6.1,TIG116_727595,1.26985952
3,6.1,TIG116_727668,1.26985952
3,6.1,TIG116_726976,1.080627877
3,6.1,TIG116_727046,1.080627877
3,6.1,TIG116_727364,1.080627877
3,7.1,TIG116_475881,15.78104309
3,7.1,TIG116_561998,15.78104309
3,21.7,TIG116_417696,18.20882418
3,25.4,TIG116_379437,5.074857946
3,26.8,TIG116_187305,16.07340094
3,26.8,TIG116_187321,16.07340094
3,26.8,TIG116_195722,16.07340094
3,26.8,TIG116_195762,16.07340094
3,26.8,TIG116_195941,16.07340094
3,26.8,TIG116_195949,16.07340094
3,26.8,TIG116_201867,16.07340094
3,26.8,TIG116_201903,16.07340094
3,26.8,TIG116_201907,16.07340094
3,26.8,TIG116_201910,16.07340094
3,26.8,TIG116_201919,16.07340094
3,26.8,TIG116_204196,16.07340094
3,26.8,TIG116_204411,16.07340094
3,26.8,TIG116_248013,16.07340094
3,26.8,TIG116_248154,16.07340094
3,26.8,TIG116_248156,16.07340094
3,26.8,TIG116_326734,16.07340094
3,26.8,TIG116_332739,16.07340094
3,26.8,TIG116_332918,16.07340094
3,26.8,TIG116_336034,16.07340094
3,26.8,TIG116_344033,16.07340094
3,26.8,TIG116_344062,16.07340094
3,26.8,TIG116_347568,16.07340094
3,26.8,TIG116_367145,16.07340094
3,26.8,TIG116_367152,16.07340094
3,26.8,TIG116_367160,16.07340094
3,26.8,TIG116_367191,16.07340094
3,26.8,TIG116_367214,16.07340094
3,26.8,TIG116_367247,16.07340094
3,26.8,TIG116_367287,16.07340094
3,26.8,TIG116_367310,16.07340094
3,26.8,TIG116_320898,16.07340094
3,26.8,TIG116_248457,16.07340094
3,26.8,TIG116_248494,16.07340094
3,26.8,TIG116_248274,16.07340094
3,26.8,TIG116_248284,16.07340094
3,26.8,TIG116_320674,16.07340094
3,41.4,TIG116_4025204,14.4438573
3,41.4,TIG116_4025280,14.4438573
3,41.4,TIG116_4025316,14.4438573
3,41.4,TIG116_4131264,14.4438573
3,41.4,TIG116_4131400,14.4438573
3,41.4,TIG116_62089,14.4438573
4,0,TIG123_336785,2.394870451
4,0,TIG123_437934,2.394870451
4,0,TIG123_437993,2.394870451
4,2.4,TIG123_684238,22.34195903
4,2.4,TIG123_684278,22.34195903
4,22.2,TIG123_778673,19.63042406
4,22.2,TIG123_795268,2.981242631
4,22.2,TIG123_795297,2.981242631
4,22.2,TIG123_795359,2.981242631
4,22.2,TIG123_795376,2.981242631
4,22.2,TIG123_795395,2.981242631
4,22.2,TIG123_853322,2.981242631
4,22.2,TIG123_853337,2.981242631
4,22.2,TIG123_911613,2.981242631
4,22.2,TIG123_911640,2.981242631
4,22.2,TIG123_911641,2.981242631
4,22.2,TIG123_917485,2.981242631
4,25.1,TIG123_1477698,2.842994155
4,25.1,TIG123_1429294,0.012658904
4,25.1,TIG123_1406612,0.012658904
4,25.1,TIG123_1429336,0.012658904
4,25.1,TIG123_1429358,0.012658904
4,25.1,TIG123_1455240,0.012658904
4,25.1,TIG123_1455247,0.012658904
4,25.1,TIG123_1455338,0.012658904
4,25.1,TIG123_1455361,0.012658904
4,25.1,TIG123_1455371,0.012658904
4,25.1,TIG123_1456010,0.012658904
4,25.1,TIG123_1456087,0.012658904
4,25.1,TIG123_1456135,0.012658904
4,60.8,TIG123_134350,63.55099126
4,60.8,TIG123_183977,63.55099126
4,66.1,TIG006_140083,5.219550166
4,66.1,TIG006_149780,5.219550166
4,66.1,TIG006_178179,5.219550166
4,66.1,TIG006_178202,5.219550166
4,66.1,TIG006_178211,5.219550166
4,66.1,TIG006_518769,5.219550166
4,66.1,TIG006_338148,0.081162755
4,66.2,TIG006_138943,3.08774446
4,69.2,TIG006_596161,36.53988426
4,69.2,TIG006_735258,36.53988426
4,69.2,TIG006_756501,36.53988426
4,69.2,TIG006_756615,36.53988426
4,69.2,TIG006_755583,36.53988426
4,102.5,TIG006_790338,35.28859707
4,102.5,TIG006_790382,35.28859707
4,102.5,TIG006_790498,35.28859707
4,102.5,TIG006_790510,35.28859707
4,102.5,TIG006_790516,35.28859707
4,102.5,TIG006_808957,35.28859707
4,102.5,TIG006_808999,35.28859707
4,102.5,TIG006_1097207,35.28859707
4,102.5,TIG006_1257705,35.28859707
4,102.5,TIG006_1269594,35.28859707
4,102.5,TIG006_1269618,35.28859707
4,102.5,TIG006_1342385,35.28859707
4,102.5,TIG006_1342494,35.28859707
4,102.5,TIG006_1356666,35.28859707
4,102.5,TIG006_790598,35.28859707
4,102.5,TIG006_790615,35.28859707
4,102.5,TIG006_790643,35.28859707
4,102.5,TIG006_790662,35.28859707
4,102.5,TIG006_826936,35.28859707
4,102.5,TIG006_813929,35.28859707
4,104.8,TIG006_1465840,2.842286845
4,104.8,TIG006_1619395,2.842286845
4,104.8,TIG006_1664443,2.842286845
4,104.8,TIG006_1664494,2.842286845
4,104.8,TIG006_1664512,2.842286845
4,104.8,TIG006_1664579,2.842286845
4,104.8,TIG006_1664584,2.842286845
4,104.8,TIG006_1734689,2.842286845
4,104.8,TIG006_1734730,2.842286845
4,104.8,TIG006_1783170,2.842286845
4,104.8,TIG006_1935217,2.842286845
4,104.8,TIG006_1935223,2.842286845
4,105.3,TIG006_1631944,11.29988174
4,116,TIG006_1966682,11.80176076
4,116,TIG006_1966746,11.80176076
4,116,TIG006_1994928,11.80176076
4,116,TIG006_1994933,11.80176076
4,116,TIG006_1994954,11.80176076
4,116,TIG006_1994971,11.80176076
4,116,TIG006_2029346,11.80176076
4,116,TIG006_2029352,11.80176076
4,117.2,TIG006_1994763,1.225156587
4,117.2,TIG006_1970236,0
4,117.2,TIG006_1970242,0
4,117.2,TIG006_1970257,0
4,117.2,TIG006_1987289,0
4,117.2,TIG006_2005374,0
4,117.2,TIG006_2005395,0
4,117.2,TIG006_2029578,0
4,117.2,TIG006_2044087,0
4,117.2,TIG006_2096282,0
4,117.2,TIG006_2120394,0
4,117.2,TIG006_2120428,0
4,117.2,TIG006_2096078,0
5,0,TIG009_184523,2.370674407
5,2.3,TIG009_216202,2.39007116
5,2.3,TIG009_216214,2.39007116
5,2.3,TIG009_216220,2.39007116
5,2.3,TIG009_216257,2.39007116
5,2.4,TIG009_214657,0.120632548
5,2.4,TIG009_214669,0.120632548
5,2.4,TIG009_214693,0.120632548
5,2.4,TIG009_214700,0.120632548
5,2.4,TIG009_214741,0.120632548
5,2.4,TIG009_214774,0.120632548
5,2.4,TIG009_214814,0.120632548
5,2.4,TIG009_214823,0.120632548
5,2.4,TIG009_216287,0.120632548
5,2.4,TIG009_216325,0.120632548
5,2.4,TIG009_216335,0.120632548
5,2.4,TIG009_216425,0.120632548
5,2.4,TIG009_216437,0.120632548
5,2.4,TIG009_216445,0.120632548
5,2.5,TIG009_206088,1.264535933
5,3.7,TIG009_243420,1.252283642
5,3.7,TIG009_243431,1.252283642
5,3.7,TIG009_243455,1.252283642
5,3.7,TIG009_255651,1.252283642
5,3.7,TIG009_255749,1.252283642
5,3.7,TIG009_255768,1.252283642
5,3.7,TIG009_255797,1.252283642
5,3.7,TIG009_255839,1.252283642
5,3.7,TIG009_255888,1.252283642
5,3.7,TIG009_255889,1.252283642
5,3.7,TIG009_255942,1.252283642
5,3.7,TIG009_314149,1.252283642
5,3.7,TIG009_353307,1.252283642
5,3.7,TIG009_361217,1.252283642
5,3.7,TIG009_361281,1.252283642
5,3.7,TIG009_361323,1.252283642
5,3.7,TIG009_361449,1.252283642
5,3.7,TIG009_451850,1.252283642
5,3.7,TIG009_451867,1.252283642
5,3.7,TIG009_451887,1.252283642
5,3.7,TIG009_451900,1.252283642
5,3.7,TIG009_451910,1.252283642
5,3.7,TIG009_459812,1.252283642
5,3.7,TIG009_459893,1.252283642
5,3.7,TIG009_555221,1.252283642
5,3.7,TIG009_661849,1.252283642
5,3.7,TIG009_307138,1.252283642
5,3.7,TIG009_307154,1.252283642
5,3.7,TIG009_294001,1.252283642
5,3.7,TIG009_518703,1.252283642
5,3.7,TIG009_382901,1.252283642
5,3.7,TIG009_382914,1.252283642
5,3.7,TIG009_536114,1.252283642
5,3.7,TIG009_536131,1.252283642
5,3.7,TIG009_653362,12.19261269
5,15.8,TIG009_824054,29.79924324
5,15.8,TIG009_941471,29.79924324
5,33.5,TIG009_1051777,18.083656
5,33.5,TIG009_1051785,18.083656
5,33.5,TIG009_1108500,18.083656
5,33.5,TIG009_1108559,18.083656
5,33.5,TIG009_1108700,18.083656
5,33.5,TIG009_1108753,18.083656
5,33.5,TIG009_1124869,18.083656
5,33.5,TIG009_1391863,18.083656
5,33.5,TIG009_1051621,18.083656
5,33.5,TIG009_1051650,18.083656
5,33.5,TIG009_1129523,18.083656
5,33.5,TIG009_1129549,18.083656
5,33.5,TIG009_1129539,18.083656
5,33.5,TIG009_1466135,18.083656
5,34,TIG009_1129883,0.569584313
5,34,TIG009_1129890,0.569584313
5,34,TIG009_1129925,0.569584313
5,34,TIG009_1129912,0.569584313
5,34.1,TIG009_1108723,0.688303821
5,34.7,TIG009_1555497,5.816492091
5,34.7,TIG009_1555509,5.816492091
5,34.7,TIG009_1555545,5.816492091
5,34.7,TIG009_1555650,5.816492091
5,34.7,TIG009_1555659,5.816492091
5,39.8,TIG009_1899615,5.138868636
5,39.8,TIG009_1980916,5.138868636
5,39.8,TIG009_1932823,0.800939178
5,39.8,TIG009_1920357,0.800939178
5,40.6,TIG009_2048606,1.13611334
5,40.6,TIG009_2048610,1.13611334
5,40.6,TIG009_2048611,1.13611334
5,41,TIG009_2012439,0.348856171
5,41,TIG009_2012557,0.348856171
5,41,TIG009_2012675,0.348856171
5,41,TIG009_2012733,0.348856171
5,41,TIG009_2123436,0.348856171
5,41,TIG009_2123472,0.348856171
5,41,TIG009_2123486,0.348856171
5,41,TIG009_2123498,0.348856171
5,41,TIG009_2123527,0.348856171
5,41,TIG009_2147252,0.348856171
5,41,TIG009_2147259,0.348856171
5,41,TIG009_2147275,0.348856171
5,41,TIG009_2147285,0.348856171
5,41,TIG009_2147328,0.348856171
5,41,TIG009_2147404,0.348856171
5,41,TIG009_2147409,0.348856171
5,41,TIG009_2147426,0.348856171
5,41,TIG009_2150553,0.348856171
5,41,TIG009_2174592,0.348856171
5,41,TIG009_2189637,0.348856171
5,41,TIG009_2192431,0.348856171
5,41,TIG009_2192449,0.348856171
5,41,TIG009_2120932,24.26135456
5,41,TIG009_2181339,24.26135456
5,41,TIG009_2120868,24.26135456
5,65,TIG009_2513887,24.94042514
5,65,TIG009_2538261,24.94042514
5,65,TIG009_2538283,24.94042514
5,65,TIG009_2541741,24.94042514
5,65,TIG009_2610075,24.94042514
5,65,TIG009_2538155,24.94042514
5,65,TIG009_2514130,24.94042514
5,65,TIG009_2513712,24.94042514
5,65,TIG009_2541643,24.94042514
5,66.1,TIG049_874136,1.265748997
5,66.3,TIG049_1062754,0.143775815
5,66.3,TIG049_975175,0.143775815
5,66.3,TIG049_985514,1.279704592
5,66.3,TIG049_1061691,1.279704592
5,66.3,TIG049_857700,1.279704592
5,66.3,TIG049_982654,1.279704592
5,67.6,TIG049_796701,1.25644773
5,67.6,TIG049_810641,1.25644773
6,0,TIG012_18068,0.137514463
6,0,TIG012_74266,0.137514463
6,0,TIG012_74271,0.137514463
6,0,TIG012_98571,0.137514463
6,0,TIG012_98615,0.137514463
6,0,TIG012_98627,0.137514463
6,0,TIG012_130117,0.137514463
6,0,TIG012_130164,0.137514463
6,0,TIG012_130168,0.137514463
6,0,TIG012_185616,0.137514463
6,0,TIG012_185636,0.137514463
6,0,TIG012_185740,0.137514463
6,0,TIG012_185747,0.137514463
6,0,TIG012_187995,0.137514463
6,0,TIG012_188028,0.137514463
6,0,TIG012_188029,0.137514463
6,0,TIG012_188122,0.137514463
6,0,TIG012_188137,0.137514463
6,0,TIG012_188140,0.137514463
6,0,TIG012_188148,0.137514463
6,0,TIG012_212751,0.137514463
6,0,TIG012_212768,0.137514463
6,0,TIG012_212776,0.137514463
6,0,TIG012_212777,0.137514463
6,0,TIG012_212785,0.137514463
6,0,TIG012_212798,0.137514463
6,0,TIG012_212807,0.137514463
6,0,TIG012_212819,0.137514463
6,0,TIG012_212856,0.137514463
6,0,TIG012_212882,0.137514463
6,0,TIG012_212914,0.137514463
6,0,TIG012_233167,0.137514463
6,0,TIG012_233256,0.137514463
6,0,TIG012_233260,0.137514463
6,0,TIG012_262401,0.137514463
6,0,TIG012_262411,0.137514463
6,0,TIG012_262422,0.137514463
6,0,TIG012_262542,0.137514463
6,0,TIG012_262560,0.137514463
6,0,TIG012_262603,0.137514463
6,0.1,TIG012_18143,28.78930477
6,0.1,TIG012_18205,28.78930477
6,28.5,TIG012_338705,29.22399058
6,28.5,TIG012_338751,29.22399058
6,28.5,TIG012_349794,29.22399058
6,28.5,TIG012_326816,29.22399058
6,29.6,TIG012_373614,2.169156218
6,29.6,TIG012_373659,2.169156218
6,29.6,TIG012_544806,2.169156218
6,30.7,TIG012_605288,1.069935636
6,30.7,TIG012_605388,1.069935636
6,30.7,TIG012_635693,1.069935636
6,30.7,TIG012_635796,1.069935636
6,30.7,TIG012_711656,1.069935636
6,30.7,TIG012_713784,1.069935636
6,30.7,TIG012_713858,1.069935636
6,30.7,TIG012_713865,1.069935636
6,30.7,TIG012_1174321,1.069935636
6,30.7,TIG012_1174331,1.069935636
6,30.7,TIG012_1174337,1.069935636
6,30.7,TIG012_1174356,1.069935636
6,30.7,TIG012_1174362,1.069935636
6,30.7,TIG012_1174392,1.069935636
6,30.7,TIG012_1174401,1.069935636
6,30.7,TIG012_1174437,1.069935636
6,30.7,TIG012_587832,2.439270527
6,30.7,TIG012_1161201,2.439270527
6,33.1,TIG012_1429831,5.943787107
6,33.1,TIG012_1496881,5.943787107
6,33.1,TIG012_1499914,5.943787107
6,33.1,TIG012_1524898,5.943787107
6,33.1,TIG012_1525102,5.943787107
6,36.6,TIG012_1833793,3.879324499
6,37,TIG012_1823211,0.418910172
6,37,TIG012_1785421,14.14252131
6,37,TIG012_1803591,14.14252131
6,37,TIG012_1803647,14.14252131
6,37,TIG012_1803705,14.14252131
6,37,TIG012_1823178,14.14252131
6,37,TIG012_1823372,14.14252131
6,37,TIG012_1834801,14.14252131
6,37,TIG012_1834819,14.14252131
6,37,TIG012_1834916,14.14252131
6,37,TIG012_1860943,14.14252131
6,37,TIG012_1907276,14.14252131
6,51,TIG012_2464000,13.69955704
6,51,TIG012_2427811,0.011905324
6,51,TIG012_2198695,0.011905324
6,51,TIG012_2178261,0
6,51,TIG012_2074641,19.4540643
6,51,TIG012_2427835,0.011905324
6,51,TIG012_2436251,0.011905324
6,51,TIG012_2436265,0.011905324
6,51,TIG012_2437876,0.011905324
6,51,TIG012_2437886,0.011905324
6,51,TIG012_2437986,0.011905324
6,51,TIG012_2458678,0.011905324
6,51,TIG012_2588872,0.011905324
6,51,TIG012_2588955,0.011905324
6,51,TIG012_2495159,0.011905324
6,51,TIG012_2495176,0.011905324
6,51,TIG012_2494474,0.011905324
6,51,TIG012_2494518,0.011905324
6,51,TIG012_2486680,0.011905324
6,51,TIG012_2110103,0.011905324
6,51,TIG012_2198718,0.011905324
6,70.1,TIG012_2699859,29.83369379
6,70.1,TIG012_2699864,29.83369379
6,81,TIG012_3440791,26.85530226
6,96.9,TIG012_3811530,20.84416805
6,96.9,TIG012_3811539,20.84416805
6,96.9,TIG012_3811577,20.84416805
6,101.9,TIG012_4066856,5.134031245
6,101.9,TIG012_4079578,5.134031245
6,101.9,TIG012_4462625,5.134031245
6,101.9,TIG012_4512838,5.134031245
6,101.9,TIG012_4633121,5.134031245
6,101.9,TIG012_4719726,5.134031245
6,101.9,TIG012_4733093,5.134031245
6,101.9,TIG012_4733108,5.134031245
6,101.9,TIG012_4733114,5.134031245
6,101.9,TIG012_4733154,5.134031245
6,101.9,TIG012_4753421,5.134031245
6,101.9,TIG012_4068657,5.134031245
6,101.9,TIG012_4516378,5.134031245
6,101.9,TIG012_4753523,5.134031245
6,101.9,TIG012_4702385,5.134031245
6,102.1,TIG012_4300669,5.104341908
6,107,TIG012_5385813,5.293951804
6,107,TIG012_5385818,5.293951804
6,107.5,TIG012_5402206,1.407104039
6,107.5,TIG012_5415031,1.407104039
6,107.5,TIG012_5422344,1.407104039
6,107.5,TIG012_5019935,1.407104039
6,107.5,TIG012_5021958,1.407104039
6,107.5,TIG012_5021987,1.407104039
6,108.4,TIG012_5512456,29.10771423
6,108.4,TIG012_5512503,29.10771423
6,108.4,TIG012_5512521,29.10771423
6,136.3,TIG012_5624995,33.78678693
6,136.3,TIG012_5644516,33.78678693
6,136.3,TIG012_5644564,33.78678693
6,142.3,TIG012_5723140,5.934866171
6,142.3,TIG012_5766514,0
6,142.3,TIG012_5758400,5.934866171
6,142.3,TIG012_5758418,5.934866171
6,142.3,TIG012_5759362,5.934866171
6,142.3,TIG012_5764503,5.934866171
6,142.3,TIG012_5764519,5.934866171
6,142.3,TIG012_5722930,5.934866171
6,142.3,TIG012_5764375,5.934866171
6,142.3,TIG012_5764447,5.934866171
6,142.3,TIG012_5764448,5.934866171
6,142.3,TIG012_5764453,5.934866171
6,142.3,TIG012_5764205,0
6,142.3,TIG012_5764215,0
6,142.3,TIG012_5764248,0
7,0,TIG015_1582158,0.445687159
7,0,TIG015_1611938,0.445687159
7,0,TIG015_1672900,0.445687159
7,0,TIG015_1875099,0.445687159
7,0,TIG015_1875114,0.445687159
7,0,TIG015_1771208,0.445687159
7,0,TIG015_1672860,0.445687159
7,0.4,TIG015_1443548,0.862590764
7,0.9,TIG015_1478080,1.707411511
7,2.1,TIG015_1233523,11.14131356
7,11.9,TIG015_746475,9.837173434
7,12.1,TIG015_724276,0.375606105
7,12.3,TIG015_743544,8.730165554
7,12.3,TIG015_743587,8.730165554
7,20.7,TIG015_700326,27.23230596
7,39.4,TIG015_349603,18.56468546
7,39.4,TIG015_360959,18.56468546
7,39.4,TIG015_510216,18.56468546
7,39.4,TIG015_588248,18.56468546
7,39.4,TIG015_633542,18.56468546
7,39.4,TIG015_360979,18.56468546
7,39.4,TIG015_253572,18.56468546
7,39.4,TIG015_349336,18.56468546
7,39.4,TIG015_359699,18.56468546
7,39.5,TIG015_650104,0.031701464
7,39.5,TIG015_360708,0.005471694
7,39.5,TIG015_360740,0.005471694
7,39.5,TIG015_360766,0.005471694
7,39.5,TIG015_324314,0.005471694
8,0,TIG015_2771717,1.744663473
8,0,TIG015_2794782,1.744663473
8,0,TIG015_2807170,1.744663473
8,1.7,TIG015_2847903,2.870393786
8,1.7,TIG015_2887240,2.870393786
8,1.7,TIG015_2887392,2.870393786
8,2.9,TIG015_3035627,1.173658779
8,2.9,TIG015_3035848,5.237304569
8,8.1,TIG015_3518325,13.73570095
8,8.1,TIG015_3518492,13.73570095
8,8.1,TIG015_3541102,13.73570095
8,8.1,TIG015_3541110,13.73570095
8,16.6,TIG015_3610778,11.17073258
8,16.6,TIG015_3624663,11.17073258
8,16.6,TIG015_3624671,11.17073258
8,16.6,TIG015_3624676,11.17073258
8,16.6,TIG015_3624754,11.17073258
8,19.3,TIG015_3807985,4.008611708
8,19.3,TIG015_3749283,4.008611708
8,19.3,TIG015_3749294,4.008611708
8,20.6,TIG015_3927776,2.640394902
8,20.6,TIG015_3853089,2.640394902
8,21.9,TIG015_4040663,2.589749221
8,21.9,TIG015_4040692,2.589749221
8,21.9,TIG015_4143922,2.589749221
8,23.2,TIG015_4253235,15.48102456
8,23.2,TIG015_4253397,15.48102456
8,37.3,TIG015_4625729,13.91795456
8,37.3,TIG015_4379919,0.012500651
8,37.3,TIG015_4381184,25.2155696
8,37.3,TIG015_4379941,0.012500651
8,37.3,TIG015_4379961,0.012500651
8,37.3,TIG015_4379981,0.012500651
8,37.3,TIG015_4381219,25.2155696
8,62.2,TIG040_214261,26.05706253
8,62.2,TIG040_224049,26.05706253
8,62.2,TIG040_237703,26.05706253
8,63.6,TIG040_321956,3.791611676
8,63.6,TIG040_321923,3.791611676
8,63.6,TIG040_321656,3.791611676
8,63.6,TIG040_321687,3.791611676
8,63.6,TIG040_321694,3.791611676
8,63.6,TIG040_321677,3.791611676
8,66,TIG040_1101840,2.569822469
8,66,TIG040_1101874,2.569822469
8,66,TIG040_1101879,2.569822469
8,66,TIG040_1101898,2.569822469
8,66,TIG040_1101939,2.569822469
8,66,TIG040_1102047,2.569822469
8,66,TIG040_1160556,2.569822469
8,66,TIG040_1000201,2.569822469
8,66.2,TIG040_871924,4.121169787
8,66.2,TIG040_871969,4.121169787
8,66.2,TIG040_871979,4.121169787
8,66.2,TIG040_871993,4.121169787
8,66.2,TIG040_872082,4.121169787
8,66.2,TIG040_872092,4.121169787
8,66.2,TIG040_872104,4.121169787
8,66.2,TIG040_872131,4.121169787
8,66.2,TIG040_872139,4.121169787
8,70.1,TIG040_639430,5.216077348
8,70.1,TIG040_639454,5.216077348
8,70.1,TIG040_639483,5.216077348
8,70.1,TIG040_639491,5.216077348
8,70.1,TIG040_672098,5.216077348
8,70.1,TIG040_675097,5.216077348
8,70.1,TIG040_675153,5.216077348
8,70.1,TIG040_675183,5.216077348
8,71.4,TIG062_256151,7.794005027
8,71.4,TIG062_256189,7.794005027
8,77.9,TIG062_105798,6.442545235
8,77.9,TIG062_105819,6.442545235
8,77.9,TIG062_113000,6.442545235
8,77.9,TIG062_113020,6.442545235
8,77.9,TIG062_113026,6.442545235
8,77.9,TIG062_113043,6.442545235
8,77.9,TIG062_147235,6.442545235
8,77.9,TIG062_147298,6.442545235
8,77.9,TIG062_147316,6.442545235
8,77.9,TIG062_161043,6.442545235
8,77.9,TIG062_164005,6.442545235
8,77.9,TIG062_164032,6.442545235
8,77.9,TIG062_164040,6.442545235
8,77.9,TIG062_164062,6.442545235
8,77.9,TIG062_164249,6.442545235
8,77.9,TIG062_172270,6.442545235
8,77.9,TIG062_172289,6.442545235
8,77.9,TIG062_172337,6.442545235
8,77.9,TIG062_172355,6.442545235
8,77.9,TIG062_160908,0.061505111
8,77.9,TIG062_160965,0.061505111
8,77.9,TIG062_160982,0.061505111
8,77.9,TIG062_160989,0.061505111
9,0,TIG017_233462,0
9,0,TIG017_197627,0.651232518
9,0,TIG017_395895,0
9,0,TIG017_395889,0
9,0,TIG017_197638,0.651232518
9,0,TIG017_209841,0.651232518
9,0,TIG017_209846,0.651232518
9,0,TIG017_232537,0.651232518
9,0,TIG017_232583,0.651232518
9,0,TIG017_233180,0.651232518
9,0,TIG017_233233,0.651232518
9,0,TIG017_380445,0.651232518
9,0,TIG017_380473,0.651232518
9,0,TIG017_380545,0.651232518
9,0,TIG017_380554,0.651232518
9,0,TIG017_395787,0.651232518
9,0,TIG017_395826,0.651232518
9,0,TIG017_395834,0.651232518
9,0,TIG017_451009,0.651232518
9,0,TIG017_451014,0.651232518
9,0,TIG017_257252,0.651232518
9,0,TIG017_396118,0.651232518
9,0,TIG017_233285,0.651232518
9,0,TIG017_233313,0.651232518
9,0,TIG017_233338,0.651232518
9,0.6,TIG017_470820,1.830752681
9,1.8,TIG017_471181,10.98599918
9,11.5,TIG017_570883,9.78825733
9,11.5,TIG017_606906,9.78825733
9,11.5,TIG017_607068,9.78825733
9,11.5,TIG017_607976,9.78825733
9,11.5,TIG017_608004,9.78825733
9,11.5,TIG017_608028,9.78825733
9,11.5,TIG017_637376,9.78825733
9,11.5,TIG017_637466,9.78825733
9,11.5,TIG017_646781,9.78825733
9,11.5,TIG017_646606,9.78825733
9,11.7,TIG017_630494,0.3081951
9,11.9,TIG017_702402,1.092022038
9,12.8,TIG120_101457,0.931183694
9,12.8,TIG120_103228,0.931183694
9,12.8,TIG120_103239,0.931183694
9,12.8,TIG120_103250,0.931183694
9,12.8,TIG120_103266,0.931183694
9,12.8,TIG120_103281,0.931183694
9,12.8,TIG120_103302,0.931183694
9,12.8,TIG120_103307,0.931183694
9,12.8,TIG120_103312,0.931183694
9,12.8,TIG120_109509,0.931183694
9,12.8,TIG120_109531,0.931183694
9,12.8,TIG120_109590,0.931183694
9,12.8,TIG120_116980,0.931183694
9,12.8,TIG120_125039,0.931183694
9,12.8,TIG120_238540,0.931183694
9,12.8,TIG120_238586,0.931183694
9,12.8,TIG120_238600,0.931183694
9,12.8,TIG120_238624,0.931183694
9,12.8,TIG120_238659,0.931183694
9,12.8,TIG120_238686,0.931183694
9,12.8,TIG120_285373,0.931183694
9,12.8,TIG120_285904,0.931183694
9,12.8,TIG120_307559,0.931183694
9,12.8,TIG120_101538,7.576535347
9,12.8,TIG120_101576,7.576535347
9,20.3,TIG120_568798,8.646801465
9,20.3,TIG120_568799,8.646801465
9,21.5,TIG120_442570,11.41588001
9,21.5,TIG120_446350,11.41588001
9,21.5,TIG120_473319,11.41588001
9,21.5,TIG120_473326,11.41588001
9,21.5,TIG120_473404,11.41588001
9,21.5,TIG120_473435,11.41588001
9,21.5,TIG120_473491,11.41588001
9,21.5,TIG120_473504,11.41588001
9,21.5,TIG120_473514,11.41588001
9,21.5,TIG120_473541,11.41588001
9,21.5,TIG120_574751,11.41588001
9,21.5,TIG120_574615,11.41588001
9,21.5,TIG120_574567,11.41588001
9,21.5,TIG120_574547,11.41588001
9,21.5,TIG120_475218,11.41588001
9,21.5,TIG120_475225,11.41588001
9,31.6,TIG120_862678,16.41547567
9,31.6,TIG120_1065042,16.41547567
9,31.6,TIG120_1065056,16.41547567
9,31.6,TIG120_1065061,16.41547567
9,31.6,TIG120_1065091,16.41547567
9,31.6,TIG120_1065106,16.41547567
9,31.6,TIG120_1065115,16.41547567
9,31.6,TIG120_1065147,16.41547567
9,31.6,TIG120_1440488,16.41547567
9,31.6,TIG120_1465046,16.41547567
9,31.6,TIG120_1465104,16.41547567
9,31.6,TIG120_1526604,16.41547567
9,31.6,TIG120_1526989,16.41547567
9,31.6,TIG120_1527009,16.41547567
9,31.6,TIG120_1546495,16.41547567
9,31.6,TIG120_1606179,16.41547567
9,31.6,TIG120_1646678,16.41547567
9,31.6,TIG120_1428876,16.41547567
9,31.6,TIG120_1526950,16.41547567
9,31.6,TIG120_1520781,16.41547567
9,31.6,TIG120_1435445,16.41547567
9,31.6,TIG120_994955,16.41547567
9,37.9,TIG120_1902565,31.2212281
9,37.9,TIG120_1902611,31.2212281
9,37.9,TIG120_1886174,31.2212281
9,37.9,TIG120_1886198,31.2212281
9,62.7,TIG120_2205495,25.69530169
9,62.7,TIG120_2205529,25.69530169
9,63.9,TIG120_2322173,7.905270756
9,63.9,TIG120_2322183,7.905270756
9,70.5,TIG120_2786240,6.889768454
9,70.8,TIG120_2555071,10.11923261
9,70.8,TIG120_2555135,10.11923261
9,70.8,TIG120_2666668,10.11923261
9,70.8,TIG120_2666691,10.11923261
9,70.8,TIG120_2855829,10.11923261
9,70.8,TIG120_2855874,10.11923261
9,70.8,TIG120_2855922,10.11923261
9,70.8,TIG120_2919979,10.11923261
9,70.8,TIG120_2920066,10.11923261
9,80.6,TIG120_3075672,9.742456238
9,80.6,TIG120_3070537,1.2551699
9,81.8,TIG120_3153371,1.257403899
9,81.8,TIG120_3153385,1.257403899
9,81.8,TIG120_3153418,1.257403899
9,81.9,TIG120_3138876,0.395321803
9,81.9,TIG120_3138963,0.395321803
9,81.9,TIG120_3151419,0.395321803
9,81.9,TIG120_3151439,0.395321803
9,81.9,TIG120_3151511,0.395321803
9,82.2,TIG120_3142008,6.980411078
9,88.8,TIG120_3364088,7.026669835
9,89.3,TIG120_3338151,13.16019703
9,101.9,TIG120_3497138,13.60365164
9,101.9,TIG120_3497156,13.60365164
9,101.9,TIG120_3497163,13.60365164
9,101.9,TIG120_3497190,13.60365164
9,101.9,TIG120_3497196,13.60365164
9,101.9,TIG120_3497230,13.60365164
9,101.9,TIG120_3529376,13.60365164
9,103,TIG120_3644699,1.359625043
9,103,TIG120_3644748,1.359625043
9,103,TIG120_3600013,1.359625043
9,103,TIG120_3600062,1.359625043
9,103,TIG120_3600082,1.359625043
9,103.3,TIG120_3556976,4.40369231
9,103.3,TIG120_3557032,4.40369231
9,103.3,TIG120_3644499,4.40369231
9,103.3,TIG120_3644532,4.40369231
9,107.4,TIG120_4062718,6.875745389
9,107.4,TIG120_4062765,6.875745389
9,107.4,TIG120_4062772,6.875745389
9,107.4,TIG120_4064062,6.875745389
9,110.2,TIG120_4070851,3.85530859
9,111.2,TIG120_4094694,1.099137397
9,111.2,TIG120_4094746,1.099137397
9,111.3,TIG120_4091951,0.09233575
9,111.3,TIG120_4094883,0.09233575
9,111.3,TIG120_4103782,0.09233575
9,111.3,TIG120_4103796,0.09233575
9,111.3,TIG120_4103869,0.09233575
9,111.3,TIG120_4136945,0.09233575
9,111.3,TIG120_4185126,0.09233575
9,111.3,TIG120_4185142,0.09233575
9,111.3,TIG120_4209838,0.09233575
9,111.3,TIG120_4289625,0.09233575
9,111.3,TIG120_4289736,0.09233575
9,111.3,TIG120_4239758,0.09233575
9,111.3,TIG120_4239766,0.09233575
9,111.3,TIG120_4203215,15.46504937
9,126.6,TIG120_4385963,15.38882625
9,126.9,TIG120_4406861,0.271315034
10,0,TIG019_2930038,2.759739552
10,2.7,TIG019_2954035,5.285968306
10,2.7,TIG019_2956145,5.285968306
10,5.3,TIG019_3016490,2.527363345
10,5.3,TIG019_3016685,0.268116392
10,5.3,TIG019_3016597,2.527363345
10,5.3,TIG019_3016607,2.527363345
10,5.3,TIG019_3021916,2.527363345
10,5.3,TIG019_3021950,2.527363345
10,5.3,TIG019_3021972,2.527363345
10,5.3,TIG019_3021666,2.527363345
10,5.3,TIG019_2999370,0.268116392
10,5.3,TIG019_3006329,0.268116392
10,5.3,TIG019_2990124,0.268116392
10,5.6,TIG019_2997210,7.691759385
10,12.9,TIG019_3273747,8.531650733
10,14.1,TIG019_3831975,1.218008636
10,14.1,TIG019_3746728,1.218008636
10,14.1,TIG019_3714482,1.218008636
10,14.1,TIG019_3361566,1.268406028
10,14.1,TIG019_3361593,1.268406028
10,14.1,TIG019_3378005,1.268406028
10,14.1,TIG019_3378021,1.268406028
10,14.1,TIG019_3378029,1.268406028
10,14.1,TIG019_3508249,1.268406028
10,14.1,TIG019_3535960,1.268406028
10,14.1,TIG019_3535970,1.268406028
10,14.1,TIG019_3746575,1.268406028
10,14.1,TIG019_3746596,1.268406028
10,14.1,TIG019_3765522,1.268406028
10,14.1,TIG019_3765529,1.268406028
10,14.1,TIG019_3765547,1.268406028
10,14.1,TIG019_3765587,1.268406028
10,14.1,TIG019_3765600,1.268406028
10,14.1,TIG019_3378215,1.268406028
10,15.4,TIG070_180009,1.245149166
10,15.4,TIG070_180063,1.245149166
10,15.4,TIG070_293963,1.245149166
11,0,TIG051_622869,0.089776893
11,0,TIG051_622906,0.089776893
11,0.1,TIG051_308252,0.098500991
11,0.1,TIG051_308258,0.098500991
11,0.1,TIG051_308275,0.098500991
11,0.1,TIG051_622639,0.157916077
11,0.1,TIG051_622645,0.157916077
11,0.1,TIG051_622692,0.157916077
11,0.2,TIG031_23557,3.893318575
11,0.2,TIG051_4831,3.893318575
11,0.2,TIG051_107922,3.893318575
11,0.2,TIG051_107931,3.893318575
11,0.2,TIG051_244525,3.893318575
11,0.2,TIG051_244543,3.893318575
11,0.2,TIG051_261249,3.893318575
11,0.2,TIG051_261273,3.893318575
11,0.2,TIG051_261328,3.893318575
11,0.2,TIG051_261340,3.893318575
11,0.2,TIG051_261356,3.893318575
11,0.2,TIG051_277402,3.893318575
11,0.2,TIG051_277512,3.893318575
11,0.2,TIG051_557052,3.893318575
11,0.2,TIG051_557074,3.893318575
11,0.2,TIG051_557092,3.893318575
11,0.2,TIG051_627235,3.893318575
11,0.2,TIG051_627276,3.893318575
11,0.2,TIG051_832385,3.893318575
11,0.2,TIG051_832391,3.893318575
11,0.2,TIG051_832456,3.893318575
11,0.2,TIG051_622964,3.893318575
11,4,TIG031_753066,3.751282429
11,4,TIG031_524790,6.554088878
11,4,TIG031_524796,6.554088878
11,4,TIG031_524805,6.554088878
11,4,TIG031_524812,6.554088878
11,4,TIG031_524863,6.554088878
11,4,TIG031_534095,6.554088878
11,4,TIG031_534115,6.554088878
11,4,TIG031_551568,6.554088878
11,4,TIG031_551573,6.554088878
11,4,TIG031_551632,6.554088878
11,4,TIG031_551638,6.554088878
11,4,TIG031_551639,6.554088878
11,4,TIG031_551659,6.554088878
11,4,TIG031_644109,6.554088878
11,4,TIG031_687793,6.554088878
11,4,TIG031_687810,6.554088878
11,4,TIG031_687832,6.554088878
11,4,TIG031_738313,6.554088878
11,4,TIG031_738344,6.554088878
11,4,TIG031_777013,6.554088878
11,4,TIG031_777050,6.554088878
11,4,TIG031_777170,6.554088878
11,4,TIG031_551765,6.554088878
11,10.4,TIG049_23859,7.599561511
11,11.7,TIG049_90601,1.229016146
11,11.7,TIG049_301498,1.229016146
11,11.7,TIG049_327036,0.285368248
11,11.7,TIG049_90821,0.285368248
11,11.7,TIG049_90847,0.285368248
11,11.7,TIG049_117453,0.285368248
11,11.7,TIG049_146582,0.285368248
11,11.7,TIG049_146598,0.285368248
11,12,TIG049_146427,0.285368248
12,0,TIG118_83501,15.52475208
12,0,TIG118_83569,15.52475208
12,0,TIG118_83578,15.52475208
12,15.4,TIG118_308408,15.59445919
12,15.7,TIG118_246648,6.750214356
12,15.7,TIG118_247168,6.750214356
12,15.7,TIG118_247227,6.750214356
12,15.7,TIG118_261832,6.750214356
12,15.7,TIG118_294718,6.750214356
12,15.7,TIG118_311637,6.750214356
12,15.7,TIG118_311672,6.750214356
12,15.7,TIG118_311681,6.750214356
12,15.7,TIG118_328275,6.750214356
12,15.7,TIG118_328382,6.750214356
12,15.7,TIG118_328390,6.750214356
12,15.7,TIG118_328486,6.750214356
12,15.7,TIG118_418846,6.750214356
12,15.7,TIG118_418863,6.750214356
12,15.7,TIG118_418877,6.750214356
12,15.7,TIG118_294693,6.750214356
12,15.7,TIG118_294769,6.750214356
12,15.7,TIG118_247378,6.750214356
12,15.7,TIG118_247408,6.750214356
12,15.7,TIG118_452573,6.750214356
12,15.7,TIG118_294881,6.750214356
12,15.7,TIG118_294904,6.750214356
12,15.7,TIG118_294909,6.750214356
12,22.1,TIG118_1015324,6.360432454
12,22.1,TIG118_824730,6.360432454
12,22.1,TIG118_824747,6.360432454
12,22.1,TIG118_1007176,0.125244056
12,22.2,TIG118_1009050,0.120403799
12,22.2,TIG118_1009073,0.120403799
12,22.2,TIG118_1009079,0.120403799
12,22.3,TIG118_1281316,0.087899825
12,22.3,TIG118_1281396,0.087899825
12,22.3,TIG118_1254000,0.087899825
12,22.3,TIG118_1254019,0.087899825
12,22.3,TIG118_1024332,0.087899825
12,22.3,TIG118_637090,3.897406248
12,22.3,TIG118_637107,3.897406248
12,22.3,TIG118_637108,3.897406248
12,22.3,TIG118_745753,3.897406248
12,22.3,TIG118_801577,3.897406248
12,22.3,TIG118_801641,3.897406248
12,22.3,TIG118_838761,3.897406248
12,22.3,TIG118_838785,3.897406248
12,22.3,TIG118_843724,3.897406248
12,22.3,TIG118_843781,3.897406248
12,22.3,TIG118_843795,3.897406248
12,22.3,TIG118_858650,3.897406248
12,22.3,TIG118_858756,3.897406248
12,22.3,TIG118_858772,3.897406248
12,22.3,TIG118_858783,3.897406248
12,22.3,TIG118_1006916,3.897406248
12,22.3,TIG118_1006929,3.897406248
12,22.3,TIG118_1007332,3.897406248
12,22.3,TIG118_1007450,3.897406248
12,22.3,TIG118_1036735,3.897406248
12,22.3,TIG118_1040047,3.897406248
12,22.3,TIG118_1181852,3.897406248
12,22.3,TIG118_1181872,3.897406248
12,22.3,TIG118_1181911,3.897406248
12,22.3,TIG118_1281524,3.897406248
12,22.3,TIG118_1281544,3.897406248
12,22.3,TIG118_1281577,3.897406248
12,22.3,TIG118_1281599,3.897406248
12,22.3,TIG118_1397923,3.897406248
12,22.3,TIG118_1397982,3.897406248
12,22.3,TIG121_6207867,3.897406248
12,22.3,TIG121_6207932,3.897406248
12,22.3,TIG121_6207938,3.897406248
12,22.3,TIG121_6207970,3.897406248
12,22.3,TIG121_6207972,3.897406248
12,22.3,TIG121_6207987,3.897406248
12,22.3,TIG121_6208010,3.897406248
12,22.3,TIG121_6208057,3.897406248
12,22.3,TIG118_1008828,3.897406248
12,22.3,TIG118_1008857,3.897406248
12,22.3,TIG118_1008874,3.897406248
12,22.3,TIG118_1006976,3.897406248
12,22.3,TIG118_1007022,3.897406248
12,26.1,TIG121_5981336,3.841817969
12,26.2,TIG121_6041362,0.058412109
12,26.2,TIG121_5981085,0.025380732
12,26.2,TIG121_6004334,0.025380732
12,26.2,TIG121_5981324,0.025380732
12,26.2,TIG121_5841496,0.025380732
12,26.2,TIG121_5841514,0.025380732
12,26.2,TIG121_5981189,1.237374944
12,26.2,TIG121_5981200,1.237374944
12,26.2,TIG121_5981206,1.237374944
12,27.4,TIG121_5954323,1.201502109
12,27.4,TIG121_5954337,1.201502109
12,27.4,TIG121_5928953,1.201502109
12,27.4,TIG121_5929063,1.201502109
12,27.4,TIG121_5877606,0.003650896
12,27.4,TIG121_5882189,0.003650896
12,27.4,TIG121_5912446,0.003650896
12,27.4,TIG121_5929357,0.003650896
12,27.4,TIG121_5954242,0.003650896
12,27.4,TIG121_5913929,0.007227796
12,27.4,TIG121_5929153,3.885303006
12,31.3,TIG121_5699308,3.904276122
12,31.3,TIG121_5699348,3.904276122
12,31.4,TIG121_5694432,0.115353392
12,31.4,TIG121_5694489,0.115353392
12,31.4,TIG121_5694505,0.115353392
12,31.4,TIG121_5625724,1.206315945
12,32.6,TIG121_5341457,2.376646447
12,32.6,TIG121_5341467,2.376646447
12,33.8,TIG121_5251461,22.78132627
12,33.8,TIG121_5258205,22.78132627
12,55.1,TIG121_4606833,33.58200343
12,55.1,TIG121_5163072,33.58200343
12,55.1,TIG121_5202730,33.58200343
12,55.1,TIG121_5203335,33.58200343
12,55.1,TIG121_4949154,33.58200343
12,55.1,TIG121_5183654,33.58200343
12,67.4,TIG121_3998402,14.66479801
12,67.4,TIG121_3998412,14.66479801
12,67.4,TIG121_3998434,14.66479801
12,67.4,TIG121_4252940,14.66479801
12,67.4,TIG121_4253122,14.66479801
12,67.4,TIG121_4264081,14.66479801
12,67.4,TIG121_4110797,14.66479801
12,67.4,TIG121_4110632,14.66479801
12,69.9,TIG121_3655030,2.484797222
12,69.9,TIG121_3654849,9.818630068
12,69.9,TIG121_3821570,2.484797222
12,79.5,TIG121_1789326,9.623881158
12,79.5,TIG121_1821385,9.623881158
12,79.5,TIG121_1821386,9.623881158
12,79.5,TIG121_1836950,9.623881158
12,79.5,TIG121_1944977,9.623881158
12,79.5,TIG121_2023881,9.623881158
12,79.5,TIG121_2097923,9.623881158
12,79.5,TIG121_2097929,9.623881158
12,79.5,TIG121_2097970,9.623881158
12,79.5,TIG121_2098036,9.623881158
12,79.5,TIG121_1820389,9.623881158
12,79.7,TIG121_1505784,22.86683019
12,79.7,TIG121_1601152,22.86683019
12,79.7,TIG121_1601164,22.86683019
12,79.7,TIG121_1601230,22.86683019
12,79.7,TIG121_1666009,22.86683019
12,79.7,TIG121_1666027,22.86683019
12,102.2,TIG121_1287417,22.4307968
12,102.2,TIG121_1287436,22.4307968
12,102.2,TIG121_1287456,22.4307968
12,102.4,TIG121_1288083,5.886688505
12,102.4,TIG121_1288112,5.886688505
12,102.4,TIG121_1241981,5.886688505
12,102.4,TIG121_1287794,5.886688505
12,102.4,TIG121_1287838,5.886688505
12,108,TIG121_1100097,25.04384582
12,127.3,TIG121_884905,22.77108342
12,130.9,TIG121_622781,3.570174611
12,130.9,TIG121_617350,0.004068362
12,130.9,TIG121_617392,0.004068362
12,130.9,TIG121_617407,0.004068362
12,130.9,TIG121_617910,0.004068362
12,130.9,TIG121_617923,0.004068362
12,130.9,TIG121_707542,0.004068362
12,130.9,TIG121_707652,0.004068362
12,130.9,TIG121_707731,0.004068362
12,130.9,TIG121_707758,0.004068362
12,130.9,TIG121_707839,0.004068362
12,130.9,TIG121_721963,0.004068362
12,130.9,TIG121_705244,1.263791379
12,130.9,TIG121_705776,1.263791379
12,132.2,TIG121_439068,2.383191757
12,132.2,TIG121_439096,2.383191757
12,132.2,TIG121_439142,2.383191757
12,132.2,TIG121_478572,2.383191757
12,132.2,TIG121_478578,2.383191757
12,132.2,TIG121_478579,2.383191757
12,133.3,TIG121_383519,7.771785116
12,139.9,TIG121_35001,6.771847227
12,139.9,TIG121_35015,6.771847227
12,139.9,TIG121_35035,6.771847227
12,139.9,TIG121_35187,6.771847227
12,139.9,TIG121_35197,6.771847227
12,139.9,TIG121_35218,6.771847227
12,139.9,TIG121_36427,6.771847227
12,139.9,TIG121_38671,6.771847227
12,139.9,TIG121_38704,6.771847227
12,139.9,TIG121_38755,6.771847227
12,139.9,TIG121_46751,6.771847227
12,139.9,TIG121_46777,6.771847227
12,139.9,TIG121_46950,6.771847227
12,139.9,TIG121_46966,6.771847227
12,139.9,TIG121_49631,6.771847227
12,139.9,TIG121_49674,6.771847227
12,139.9,TIG121_54126,6.771847227
12,139.9,TIG121_54146,6.771847227
12,139.9,TIG121_54151,6.771847227
12,139.9,TIG121_54156,6.771847227
12,139.9,TIG121_54241,6.771847227
12,139.9,TIG121_81884,6.771847227
12,139.9,TIG121_81909,6.771847227
12,139.9,TIG121_81936,6.771847227
12,139.9,TIG121_81941,6.771847227
12,139.9,TIG121_206347,6.771847227
12,139.9,TIG121_206412,6.771847227
12,139.9,TIG121_236910,6.771847227
12,139.9,TIG121_193584,6.771847227
12,139.9,TIG121_82190,6.771847227
12,139.9,TIG121_82223,6.771847227
12,140.1,TIG121_81818,0.245373505
13,0,TIG125_235335,0.698144908
13,0,TIG125_319510,0.698144908
13,0,TIG125_319556,0.698144908
13,0,TIG125_319574,0.698144908
13,0,TIG125_327505,0.698144908
13,0,TIG125_362041,0.698144908
13,0,TIG125_362048,0.698144908
13,0,TIG125_362200,0.698144908
13,0,TIG125_362216,0.698144908
13,0,TIG125_362219,0.698144908
13,0,TIG125_362231,0.698144908
13,0,TIG125_495805,0.698144908
13,0,TIG125_495812,0.698144908
13,0,TIG125_593457,0.698144908
13,0,TIG125_660619,0.698144908
13,0,TIG125_667639,0.698144908
13,0,TIG125_667716,0.698144908
13,0,TIG125_694142,0.698144908
13,0,TIG125_574855,0.698144908
13,0,TIG125_574867,0.698144908
13,0,TIG125_574875,0.698144908
13,0,TIG125_687245,0.698144908
13,0,TIG125_687264,0.698144908
13,0,TIG125_687256,0.698144908
13,0.7,TIG125_768008,9.261871282
13,9.2,TIG125_1057803,8.532497304
13,9.2,TIG125_1009610,8.532497304
13,9.3,TIG125_1018400,0.300333086
13,9.3,TIG125_1041875,0.300333086
13,9.3,TIG125_1009252,0.300333086
13,9.3,TIG125_1009294,0.300333086
13,9.3,TIG125_1251612,0.300333086
13,9.3,TIG125_1251624,0.300333086
13,9.3,TIG125_1251636,0.300333086
13,9.3,TIG125_1251641,0.300333086
13,9.3,TIG125_1009243,0.300333086
13,9.3,TIG125_1251764,0.300333086
13,9.3,TIG125_1251790,0.300333086
13,9.3,TIG125_1251839,0.300333086
13,9.5,TIG125_1057524,24.17849758
13,33.3,TIG125_1645330,35.12579313
13,33.3,TIG125_1697178,35.12579313
13,33.3,TIG125_1616374,35.12579313
13,44.7,TIG127_257301,21.1540168
13,44.7,TIG127_257334,21.1540168
13,44.7,TIG127_257170,21.1540168
13,54.4,TIG127_1233915,18.66978324
13,54.4,TIG127_1083073,18.66978324
13,63.4,TIG131_204481,17.22706095
13,63.4,TIG131_204537,17.22706095
13,71.7,TIG131_308880,13.94380748
13,71.7,TIG131_308896,13.94380748
13,71.7,TIG131_308984,13.94380748
13,77.4,TIG131_760638,5.71433159
13,77.4,TIG131_374162,11.33091733
13,88.6,TIG131_961556,11.08178039
13,88.6,TIG131_1139069,0.031346051
13,88.6,TIG131_1139162,0.031346051
13,88.6,TIG131_1262713,0.031346051
13,88.6,TIG131_1262789,0.031346051
13,88.6,TIG131_1211807,0.031346051
13,88.6,TIG131_1211823,0.031346051
13,88.6,TIG131_961667,0.031346051
13,88.6,TIG131_961716,0.031346051
13,88.6,TIG131_917534,1.372637808
13,88.6,TIG131_917559,1.372637808
13,88.6,TIG131_917573,1.372637808
13,88.6,TIG131_933596,1.372637808
13,90,TIG131_1269003,1.46713063
13,90.1,TIG131_1122241,3.832721993
13,93.8,TIG131_1775278,9.069897996
13,99.2,TIG131_1863288,6.656616956
13,99.2,TIG131_1863401,6.656616956
13,99.2,TIG131_1863613,6.656616956
13,99.2,TIG131_1863651,6.656616956
13,100.5,TIG131_2066749,5.215406492
13,104.3,TIG131_2079904,3.820853957
