"marker","LG","position","nnfit"
"TIG003_1324422",1,0,2.2104875415922
"TIG003_1352904",1,0,2.2104875415922
"TIG003_719386",1,2.2,22.061505283459
"TIG003_755682",1,2.2,22.061505283459
"TIG003_886870",1,2.2,22.061505283459
"TIG003_921894",1,2.2,22.061505283459
"TIG003_1009097",1,2.2,22.061505283459
"TIG003_1028527",1,2.2,22.061505283459
"TIG003_1030066",1,2.2,22.061505283459
"TIG003_1030742",1,2.2,22.061505283459
"TIG003_1058288",1,2.2,22.061505283459
"TIG003_1069724",1,2.2,22.061505283459
"TIG003_1147342",1,2.2,22.061505283459
"TIG003_1147451",1,2.2,22.061505283459
"TIG003_1147521",1,2.2,22.061505283459
"TIG003_1161265",1,2.2,22.061505283459
"TIG003_1161310",1,2.2,22.061505283459
"TIG003_1165833",1,2.2,22.061505283459
"TIG003_1165864",1,2.2,22.061505283459
"TIG003_1183750",1,2.2,22.061505283459
"TIG003_1183794",1,2.2,22.061505283459
"TIG003_815146",1,2.2,22.061505283459
"TIG003_1219462",1,2.2,22.061505283459
"TIG003_1219483",1,2.2,22.061505283459
"TIG003_1103588",1,2.2,22.061505283459
"TIG003_1103606",1,2.2,22.061505283459
"TIG003_1103615",1,2.2,22.061505283459
"TIG003_1219696",1,2.2,22.061505283459
"TIG003_1219719",1,2.2,22.061505283459
"TIG003_1219740",1,2.2,22.061505283459
"TIG003_1100262",1,2.2,22.061505283459
"TIG003_1100272",1,2.2,22.061505283459
"TIG137_1838917",1,21.9,37.5769089246142
"TIG137_1838980",1,21.9,37.5769089246142
"TIG137_1673212",1,39.8,21.122616908311
"TIG137_1204326",1,43.2,3.52708812747988
"TIG137_1097152",1,43.3,0.194438893806186
"TIG137_1123889",1,43.4,0.0474052554372761
"TIG137_1123897",1,43.4,0.0474052554372761
"TIG137_1561074",1,43.4,0.0173986042642866
"TIG137_1561032",1,43.4,0.0173986042642866
"TIG137_1097370",1,43.4,0.0173986042642866
"TIG137_1297653",1,43.4,0.0173986042642866
"TIG137_1379851",1,43.4,0.0173986042642866
"TIG137_1097217",1,43.4,5.35884536502561
"TIG137_1097248",1,43.4,5.35884536502561
"TIG137_1097260",1,43.4,5.35884536502561
"TIG137_1126603",1,43.4,5.35884536502561
"TIG137_1153062",1,43.4,5.35884536502561
"TIG137_1211480",1,43.4,5.35884536502561
"TIG137_1297743",1,43.4,5.35884536502561
"TIG137_1297762",1,43.4,5.35884536502561
"TIG137_1297775",1,43.4,5.35884536502561
"TIG137_1297784",1,43.4,5.35884536502561
"TIG137_1297823",1,43.4,5.35884536502561
"TIG137_1324323",1,43.4,5.35884536502561
"TIG137_1354835",1,43.4,5.35884536502561
"TIG137_1354839",1,43.4,5.35884536502561
"TIG137_1354852",1,43.4,5.35884536502561
"TIG137_1354875",1,43.4,5.35884536502561
"TIG137_1446489",1,43.4,5.35884536502561
"TIG137_1446524",1,43.4,5.35884536502561
"TIG137_1446639",1,43.4,5.35884536502561
"TIG137_1561300",1,43.4,5.35884536502561
"TIG137_1327321",1,43.4,5.35884536502561
"TIG137_1178848",1,43.4,5.35884536502561
"TIG137_1297675",1,43.4,5.35884536502561
"TIG137_1297679",1,43.4,5.35884536502561
"TIG137_85734",1,44.3,0.127924013822778
"TIG046_446912",1,44.5,0.176452657418508
"TIG046_446992",1,44.5,0.176452657418508
"TIG046_446997",1,44.5,0.176452657418508
"TIG046_523236",1,44.5,0.176452657418508
"TIG046_539373",1,44.5,0.176452657418508
"TIG137_101722",1,44.5,0.176452657418508
"TIG137_101668",1,44.5,0.176452657418508
"TIG046_495595",1,44.5,1.22324963083456
"TIG137_194896",1,45.7,22.4782025058375
"TIG137_194951",1,45.7,22.4782025058375
"TIG137_1021530",1,48.7,23.5235553694962
"TIG137_1021582",1,48.7,23.5235553694962
"TIG137_1021591",1,48.7,23.5235553694962
"TIG137_326862",1,66.8,18.0559753890155
"TIG137_347040",1,66.8,18.0559753890155
"TIG137_347067",1,66.8,18.0559753890155
"TIG137_616544",1,66.8,18.0559753890155
"TIG137_616557",1,66.8,18.0559753890155
"TIG137_616562",1,66.8,18.0559753890155
"TIG137_616590",1,66.8,18.0559753890155
"TIG137_616649",1,66.8,18.0559753890155
"TIG137_616681",1,66.8,18.0559753890155
"TIG137_651581",1,66.8,18.0559753890155
"TIG137_651604",1,66.8,18.0559753890155
"TIG137_651653",1,66.8,18.0559753890155
"TIG137_651686",1,66.8,18.0559753890155
"TIG137_651712",1,66.8,18.0559753890155
"TIG137_651715",1,66.8,18.0559753890155
"TIG137_651738",1,66.8,18.0559753890155
"TIG137_833469",1,66.8,18.0559753890155
"TIG137_833586",1,66.8,18.0559753890155
"TIG137_833636",1,66.8,18.0559753890155
"TIG137_833671",1,66.8,18.0559753890155
"TIG137_833705",1,66.8,18.0559753890155
"TIG137_833799",1,66.8,18.0559753890155
"TIG137_833864",1,66.8,18.0559753890155
"TIG137_839075",1,66.8,18.0559753890155
"TIG137_843651",1,66.8,18.0559753890155
"TIG137_848122",1,66.8,18.0559753890155
"TIG137_849049",1,66.8,18.0559753890155
"TIG137_988576",1,66.8,18.0559753890155
"TIG137_648217",1,66.8,18.0559753890155
"TIG137_769257",1,66.8,18.0559753890155
"TIG137_764686",1,66.8,18.0559753890155
"TIG137_648028",1,66.8,18.0559753890155
"TIG137_648036",1,66.8,18.0559753890155
"TIG137_648046",1,66.8,18.0559753890155
"TIG137_654912",1,66.9,0.113044001915057
"TIG135_64321",2,0,0.0742100025591366
"TIG135_24791",2,0,0.152290367936778
"TIG135_232836",2,0,0.0780803653776412
"TIG135_153155",2,0,0.0526802578289131
"TIG114_2194586",2,0,0.0901978508003702
"TIG135_146958",2,0,0.037517592971457
"TIG135_145074",2,0,0.0125006511027086
"TIG114_2532316",2,0,0.0125006511027086
"TIG114_2508246",2,0,0.0119053243468592
"TIG114_2345001",2,0,0.0235337554289928
"TIG114_2283253",2,0,0.14109919987591
"TIG135_64389",2,0,0.0742100025591366
"TIG135_64421",2,0,0.0742100025591366
"TIG135_146698",2,0,0.0742100025591366
"TIG135_146763",2,0,0.0742100025591366
"TIG135_146913",2,0,0.0742100025591366
"TIG135_146931",2,0,0.0742100025591366
"TIG135_150062",2,0,0.0742100025591366
"TIG135_150097",2,0,0.0742100025591366
"TIG135_176447",2,0,0.0742100025591366
"TIG135_176480",2,0,0.0742100025591366
"TIG135_186366",2,0,0.0742100025591366
"TIG135_186419",2,0,0.0742100025591366
"TIG135_186456",2,0,0.0742100025591366
"TIG135_24510",2,0,0.152290367936778
"TIG135_232864",2,0,0.0780803653776412
"TIG135_153174",2,0,0.0526802578289131
"TIG135_153208",2,0,0.0526802578289131
"TIG114_2194596",2,0,0.0901978508003702
"TIG114_2194743",2,0,0.0901978508003702
"TIG114_2194789",2,0,0.0901978508003702
"TIG114_2194799",2,0,0.0901978508003702
"TIG114_2280117",2,0,0.0901978508003702
"TIG114_2532346",2,0,0.0125006511027086
"TIG114_2508288",2,0,0.0119053243468592
"TIG114_2508319",2,0,0.0119053243468592
"TIG114_2508325",2,0,0.0119053243468592
"TIG114_2345016",2,0,0.0235337554289928
"TIG114_2456468",2,0,0.0235337554289928
"TIG114_2017323",2,0.1,64.7923148676371
"TIG114_2112152",2,0.1,64.7923148676371
"TIG004_42030",2,27.7,1.27549311859343
"TIG004_201800",2,29,2.98768342964532
"TIG004_70106",2,29,2.98768342964532
"TIG004_863123",2,30.6,1.58516497016682
"TIG004_462283",2,30.6,0
"TIG004_503202",2,30.6,1.34229770893787
"TIG004_481411",2,30.6,0
"TIG004_481440",2,30.6,0
"TIG004_511887",2,30.6,0
"TIG004_511900",2,30.6,0
"TIG004_696004",2,30.6,0
"TIG004_836838",2,30.6,0
"TIG004_912352",2,30.6,0
"TIG004_509192",2,30.6,0
"TIG004_503219",2,30.6,1.34229770893787
"TIG004_1092317",2,32,1.76486872135311
"TIG004_1202081",2,32,1.76486872135311
"TIG004_1202110",2,32,1.76486872135311
"TIG004_1202116",2,32,1.76486872135311
"TIG004_1297003",2,32.4,1.08077656479249
"TIG004_1281179",2,32.4,1.08077656479249
"TIG004_1332088",2,33.1,66.8960572540392
"TIG114_1847636",2,64.5,64.1474522202395
"TIG114_1807601",2,64.5,0.157477961583597
"TIG114_1889643",2,64.5,64.1474522202395
"TIG114_1889693",2,64.5,64.1474522202395
"TIG114_1883172",2,64.5,64.1474522202395
"TIG114_1883200",2,64.5,64.1474522202395
"TIG114_1596453",2,64.5,0.145671318257483
"TIG114_1709542",2,64.5,0
"TIG114_1468892",2,64.5,0.0120487757895303
"TIG114_1335095",2,64.5,0.0120487757895303
"TIG114_845315",2,64.5,60.753043299553
"TIG114_1774042",2,64.5,0.145671318257483
"TIG114_1632722",2,64.5,0.145671318257483
"TIG114_1497692",2,64.5,0.145671318257483
"TIG114_1497701",2,64.5,0.145671318257483
"TIG114_1497766",2,64.5,0.145671318257483
"TIG114_1773834",2,64.5,0.145671318257483
"TIG114_1497860",2,64.5,0.145671318257483
"TIG114_1709614",2,64.5,0
"TIG114_1468916",2,64.5,0.0120487757895303
"TIG114_1498047",2,64.5,0.0120487757895303
"TIG114_1498060",2,64.5,0.0120487757895303
"TIG114_1498068",2,64.5,0.0120487757895303
"TIG114_1745765",2,64.5,0.0120487757895303
"TIG114_1335103",2,64.5,0.0120487757895303
"TIG114_845334",2,64.5,60.753043299553
"TIG114_845339",2,64.5,60.753043299553
"TIG114_845395",2,64.5,60.753043299553
"TIG114_845514",2,64.5,60.753043299553
"TIG114_845523",2,64.5,60.753043299553
"TIG114_1155063",2,64.5,60.753043299553
"TIG004_1428433",2,99.1,65.8856447335038
"TIG004_1376277",2,99.1,0.0258606424891454
"TIG004_1682334",2,99.1,2.90894939939864
"TIG004_1554430",2,99.1,65.8856447335038
"TIG004_1711715",2,99.1,65.8856447335038
"TIG004_1711883",2,99.1,65.8856447335038
"TIG004_1726551",2,99.1,65.8856447335038
"TIG004_2055735",2,101.9,2.66407656900489
"TIG004_2343162",2,101.9,0.0351621865111265
"TIG004_2643065",2,101.9,0.0241290821848423
"TIG004_2368037",2,101.9,1.2613570756118
"TIG004_2055919",2,101.9,2.66407656900489
"TIG004_2348939",2,101.9,0.0351621865111265
"TIG004_2348953",2,101.9,0.0351621865111265
"TIG004_2399631",2,101.9,0.0351621865111265
"TIG004_2417647",2,101.9,0.0351621865111265
"TIG004_2417706",2,101.9,0.0351621865111265
"TIG004_2417746",2,101.9,0.0351621865111265
"TIG004_2643101",2,101.9,0.0241290821848423
"TIG004_2643109",2,101.9,0.0241290821848423
"TIG004_2784020",2,101.9,0.0241290821848423
"TIG004_2784037",2,101.9,0.0241290821848423
"TIG004_2784048",2,101.9,0.0241290821848423
"TIG004_2784076",2,101.9,0.0241290821848423
"TIG004_2784095",2,101.9,0.0241290821848423
"TIG004_2784143",2,101.9,0.0241290821848423
"TIG004_2784151",2,101.9,0.0241290821848423
"TIG004_2898962",2,103.1,8.55682013765386
"TIG004_2915688",2,103.1,8.55682013765386
"TIG004_3219047",2,110.4,11.8972828782754
"TIG004_3379744",2,115,5.93620517922273
"TIG004_3379804",2,115,5.93620517922273
"TIG004_3503801",2,116.4,1.4388134616624
"TIG004_3740351",2,116.5,8.66676335720225
"TIG004_3882629",2,124.9,21.8050362149148
"TIG004_3882694",2,124.9,21.8050362149148
"TIG004_3954345",2,138.3,13.5677553030134
"TIG004_4180696",2,138.3,13.5677553030134
"TIG004_4232837",2,138.3,13.5677553030134
"TIG004_4259568",2,138.3,13.5677553030134
"TIG004_4262776",2,138.3,13.5677553030134
"TIG004_4280667",2,138.3,13.5677553030134
"TIG004_3950995",2,138.3,13.5677553030134
"TIG004_3951009",2,138.3,13.5677553030134
"TIG004_3954215",2,138.6,2.41839733373369
"TIG004_3954278",2,138.6,2.41839733373369
"TIG004_3954205",2,138.6,2.41839733373369
"TIG004_4390856",2,140.7,11.3184081295005
"TIG004_4390902",2,140.7,11.3184081295005
"TIG004_4391021",2,140.7,11.3184081295005
"TIG114_475174",2,149.8,9.06556328212732
"TIG114_482216",2,149.8,0.0482301330937812
"TIG114_745227",2,149.8,0.135954471846877
"TIG004_4815218",2,149.8,0.0877243387530962
"TIG114_511146",2,149.8,0.0482301330937812
"TIG114_688799",2,149.8,0.0482301330937812
"TIG004_4853560",2,149.8,0.0877243387530962
"TIG004_4853649",2,149.8,0.0877243387530962
"TIG004_4853682",2,149.8,0.0877243387530962
"TIG004_4722456",2,149.8,0.0877243387530962
"TIG021_541080",3,0,0.117687351137925
"TIG021_462095",3,0.1,0.672715782746274
"TIG021_463255",3,0.1,0.672715782746274
"TIG021_547541",3,0.1,0.672715782746274
"TIG021_582025",3,0.1,0.672715782746274
"TIG021_532010",3,0.7,2.2391814886498
"TIG021_86888",3,2.3,4.10909644363988
"TIG021_86910",3,2.3,4.10909644363988
"TIG116_796303",3,4.8,3.69390502361345
"TIG116_796442",3,4.8,3.69390502361345
"TIG116_628840",3,6.1,1.26985952014882
"TIG116_628861",3,6.1,1.26985952014882
"TIG116_650530",3,6.1,1.26985952014882
"TIG116_650582",3,6.1,1.26985952014882
"TIG116_692253",3,6.1,1.26985952014882
"TIG116_726941",3,6.1,1.26985952014882
"TIG116_727004",3,6.1,1.26985952014882
"TIG116_727134",3,6.1,1.26985952014882
"TIG116_727197",3,6.1,1.26985952014882
"TIG116_727215",3,6.1,1.26985952014882
"TIG116_727236",3,6.1,1.26985952014882
"TIG116_727487",3,6.1,1.26985952014882
"TIG116_727595",3,6.1,1.26985952014882
"TIG116_727668",3,6.1,1.26985952014882
"TIG116_726976",3,6.1,1.08062787686316
"TIG116_727046",3,6.1,1.08062787686316
"TIG116_727364",3,6.1,1.08062787686316
"TIG116_475881",3,7.1,15.7810430923052
"TIG116_561998",3,7.1,15.7810430923052
"TIG116_417696",3,21.7,18.2088241766386
"TIG116_379437",3,25.4,5.07485794599253
"TIG116_187305",3,26.8,16.0734009358275
"TIG116_187321",3,26.8,16.0734009358275
"TIG116_195722",3,26.8,16.0734009358275
"TIG116_195762",3,26.8,16.0734009358275
"TIG116_195941",3,26.8,16.0734009358275
"TIG116_195949",3,26.8,16.0734009358275
"TIG116_201867",3,26.8,16.0734009358275
"TIG116_201903",3,26.8,16.0734009358275
"TIG116_201907",3,26.8,16.0734009358275
"TIG116_201910",3,26.8,16.0734009358275
"TIG116_201919",3,26.8,16.0734009358275
"TIG116_204196",3,26.8,16.0734009358275
"TIG116_204411",3,26.8,16.0734009358275
"TIG116_248013",3,26.8,16.0734009358275
"TIG116_248154",3,26.8,16.0734009358275
"TIG116_248156",3,26.8,16.0734009358275
"TIG116_326734",3,26.8,16.0734009358275
"TIG116_332739",3,26.8,16.0734009358275
"TIG116_332918",3,26.8,16.0734009358275
"TIG116_336034",3,26.8,16.0734009358275
"TIG116_344033",3,26.8,16.0734009358275
"TIG116_344062",3,26.8,16.0734009358275
"TIG116_347568",3,26.8,16.0734009358275
"TIG116_367145",3,26.8,16.0734009358275
"TIG116_367152",3,26.8,16.0734009358275
"TIG116_367160",3,26.8,16.0734009358275
"TIG116_367191",3,26.8,16.0734009358275
"TIG116_367214",3,26.8,16.0734009358275
"TIG116_367247",3,26.8,16.0734009358275
"TIG116_367287",3,26.8,16.0734009358275
"TIG116_367310",3,26.8,16.0734009358275
"TIG116_320898",3,26.8,16.0734009358275
"TIG116_248457",3,26.8,16.0734009358275
"TIG116_248494",3,26.8,16.0734009358275
"TIG116_248274",3,26.8,16.0734009358275
"TIG116_248284",3,26.8,16.0734009358275
"TIG116_320674",3,26.8,16.0734009358275
"TIG116_4025204",3,41.4,14.4438573034104
"TIG116_4025280",3,41.4,14.4438573034104
"TIG116_4025316",3,41.4,14.4438573034104
"TIG116_4131264",3,41.4,14.4438573034104
"TIG116_4131400",3,41.4,14.4438573034104
"TIG116_62089",3,41.4,14.4438573034104
"TIG123_336785",4,0,2.39487045054845
"TIG123_437934",4,0,2.39487045054845
"TIG123_437993",4,0,2.39487045054845
"TIG123_684238",4,2.4,22.3419590275083
"TIG123_684278",4,2.4,22.3419590275083
"TIG123_778673",4,22.2,19.6304240559308
"TIG123_795268",4,22.2,2.98124263075934
"TIG123_795297",4,22.2,2.98124263075934
"TIG123_795359",4,22.2,2.98124263075934
"TIG123_795376",4,22.2,2.98124263075934
"TIG123_795395",4,22.2,2.98124263075934
"TIG123_853322",4,22.2,2.98124263075934
"TIG123_853337",4,22.2,2.98124263075934
"TIG123_911613",4,22.2,2.98124263075934
"TIG123_911640",4,22.2,2.98124263075934
"TIG123_911641",4,22.2,2.98124263075934
"TIG123_917485",4,22.2,2.98124263075934
"TIG123_1477698",4,25.1,2.84299415517645
"TIG123_1429294",4,25.1,0.0126589039921449
"TIG123_1406612",4,25.1,0.0126589039921449
"TIG123_1429336",4,25.1,0.0126589039921449
"TIG123_1429358",4,25.1,0.0126589039921449
"TIG123_1455240",4,25.1,0.0126589039921449
"TIG123_1455247",4,25.1,0.0126589039921449
"TIG123_1455338",4,25.1,0.0126589039921449
"TIG123_1455361",4,25.1,0.0126589039921449
"TIG123_1455371",4,25.1,0.0126589039921449
"TIG123_1456010",4,25.1,0.0126589039921449
"TIG123_1456087",4,25.1,0.0126589039921449
"TIG123_1456135",4,25.1,0.0126589039921449
"TIG123_134350",4,60.8,63.5509912558335
"TIG123_183977",4,60.8,63.5509912558335
"TIG006_140083",4,66.1,5.21955016553289
"TIG006_149780",4,66.1,5.21955016553289
"TIG006_178179",4,66.1,5.21955016553289
"TIG006_178202",4,66.1,5.21955016553289
"TIG006_178211",4,66.1,5.21955016553289
"TIG006_518769",4,66.1,5.21955016553289
"TIG006_338148",4,66.1,0.0811627552337484
"TIG006_138943",4,66.2,3.08774446021491
"TIG006_596161",4,69.2,36.5398842551619
"TIG006_735258",4,69.2,36.5398842551619
"TIG006_756501",4,69.2,36.5398842551619
"TIG006_756615",4,69.2,36.5398842551619
"TIG006_755583",4,69.2,36.5398842551619
"TIG006_790338",4,102.5,35.2885970724968
"TIG006_790382",4,102.5,35.2885970724968
"TIG006_790498",4,102.5,35.2885970724968
"TIG006_790510",4,102.5,35.2885970724968
"TIG006_790516",4,102.5,35.2885970724968
"TIG006_808957",4,102.5,35.2885970724968
"TIG006_808999",4,102.5,35.2885970724968
"TIG006_1097207",4,102.5,35.2885970724968
"TIG006_1257705",4,102.5,35.2885970724968
"TIG006_1269594",4,102.5,35.2885970724968
"TIG006_1269618",4,102.5,35.2885970724968
"TIG006_1342385",4,102.5,35.2885970724968
"TIG006_1342494",4,102.5,35.2885970724968
"TIG006_1356666",4,102.5,35.2885970724968
"TIG006_790598",4,102.5,35.2885970724968
"TIG006_790615",4,102.5,35.2885970724968
"TIG006_790643",4,102.5,35.2885970724968
"TIG006_790662",4,102.5,35.2885970724968
"TIG006_826936",4,102.5,35.2885970724968
"TIG006_813929",4,102.5,35.2885970724968
"TIG006_1465840",4,104.8,2.84228684536983
"TIG006_1619395",4,104.8,2.84228684536983
"TIG006_1664443",4,104.8,2.84228684536983
"TIG006_1664494",4,104.8,2.84228684536983
"TIG006_1664512",4,104.8,2.84228684536983
"TIG006_1664579",4,104.8,2.84228684536983
"TIG006_1664584",4,104.8,2.84228684536983
"TIG006_1734689",4,104.8,2.84228684536983
"TIG006_1734730",4,104.8,2.84228684536983
"TIG006_1783170",4,104.8,2.84228684536983
"TIG006_1935217",4,104.8,2.84228684536983
"TIG006_1935223",4,104.8,2.84228684536983
"TIG006_1631944",4,105.3,11.2998817423089
"TIG006_1966682",4,116,11.8017607645694
"TIG006_1966746",4,116,11.8017607645694
"TIG006_1994928",4,116,11.8017607645694
"TIG006_1994933",4,116,11.8017607645694
"TIG006_1994954",4,116,11.8017607645694
"TIG006_1994971",4,116,11.8017607645694
"TIG006_2029346",4,116,11.8017607645694
"TIG006_2029352",4,116,11.8017607645694
"TIG006_1994763",4,117.2,1.22515658706649
"TIG006_1970236",4,117.2,0
"TIG006_1970242",4,117.2,0
"TIG006_1970257",4,117.2,0
"TIG006_1987289",4,117.2,0
"TIG006_2005374",4,117.2,0
"TIG006_2005395",4,117.2,0
"TIG006_2029578",4,117.2,0
"TIG006_2044087",4,117.2,0
"TIG006_2096282",4,117.2,0
"TIG006_2120394",4,117.2,0
"TIG006_2120428",4,117.2,0
"TIG006_2096078",4,117.2,0
"TIG009_184523",5,0,2.37067440716535
"TIG009_216202",5,2.3,2.39007115963393
"TIG009_216214",5,2.3,2.39007115963393
"TIG009_216220",5,2.3,2.39007115963393
"TIG009_216257",5,2.3,2.39007115963393
"TIG009_214657",5,2.4,0.120632548227853
"TIG009_214669",5,2.4,0.120632548227853
"TIG009_214693",5,2.4,0.120632548227853
"TIG009_214700",5,2.4,0.120632548227853
"TIG009_214741",5,2.4,0.120632548227853
"TIG009_214774",5,2.4,0.120632548227853
"TIG009_214814",5,2.4,0.120632548227853
"TIG009_214823",5,2.4,0.120632548227853
"TIG009_216287",5,2.4,0.120632548227853
"TIG009_216325",5,2.4,0.120632548227853
"TIG009_216335",5,2.4,0.120632548227853
"TIG009_216425",5,2.4,0.120632548227853
"TIG009_216437",5,2.4,0.120632548227853
"TIG009_216445",5,2.4,0.120632548227853
"TIG009_206088",5,2.5,1.26453593321514
"TIG009_243420",5,3.7,1.25228364184763
"TIG009_243431",5,3.7,1.25228364184763
"TIG009_243455",5,3.7,1.25228364184763
"TIG009_255651",5,3.7,1.25228364184763
"TIG009_255749",5,3.7,1.25228364184763
"TIG009_255768",5,3.7,1.25228364184763
"TIG009_255797",5,3.7,1.25228364184763
"TIG009_255839",5,3.7,1.25228364184763
"TIG009_255888",5,3.7,1.25228364184763
"TIG009_255889",5,3.7,1.25228364184763
"TIG009_255942",5,3.7,1.25228364184763
"TIG009_314149",5,3.7,1.25228364184763
"TIG009_353307",5,3.7,1.25228364184763
"TIG009_361217",5,3.7,1.25228364184763
"TIG009_361281",5,3.7,1.25228364184763
"TIG009_361323",5,3.7,1.25228364184763
"TIG009_361449",5,3.7,1.25228364184763
"TIG009_451850",5,3.7,1.25228364184763
"TIG009_451867",5,3.7,1.25228364184763
"TIG009_451887",5,3.7,1.25228364184763
"TIG009_451900",5,3.7,1.25228364184763
"TIG009_451910",5,3.7,1.25228364184763
"TIG009_459812",5,3.7,1.25228364184763
"TIG009_459893",5,3.7,1.25228364184763
"TIG009_555221",5,3.7,1.25228364184763
"TIG009_661849",5,3.7,1.25228364184763
"TIG009_307138",5,3.7,1.25228364184763
"TIG009_307154",5,3.7,1.25228364184763
"TIG009_294001",5,3.7,1.25228364184763
"TIG009_518703",5,3.7,1.25228364184763
"TIG009_382901",5,3.7,1.25228364184763
"TIG009_382914",5,3.7,1.25228364184763
"TIG009_536114",5,3.7,1.25228364184763
"TIG009_536131",5,3.7,1.25228364184763
"TIG009_653362",5,3.7,12.1926126906543
"TIG009_824054",5,15.8,29.7992432352758
"TIG009_941471",5,15.8,29.7992432352758
"TIG009_1051777",5,33.5,18.083656003568
"TIG009_1051785",5,33.5,18.083656003568
"TIG009_1108500",5,33.5,18.083656003568
"TIG009_1108559",5,33.5,18.083656003568
"TIG009_1108700",5,33.5,18.083656003568
"TIG009_1108753",5,33.5,18.083656003568
"TIG009_1124869",5,33.5,18.083656003568
"TIG009_1391863",5,33.5,18.083656003568
"TIG009_1051621",5,33.5,18.083656003568
"TIG009_1051650",5,33.5,18.083656003568
"TIG009_1129523",5,33.5,18.083656003568
"TIG009_1129549",5,33.5,18.083656003568
"TIG009_1129539",5,33.5,18.083656003568
"TIG009_1466135",5,33.5,18.083656003568
"TIG009_1129883",5,34,0.569584313095461
"TIG009_1129890",5,34,0.569584313095461
"TIG009_1129925",5,34,0.569584313095461
"TIG009_1129912",5,34,0.569584313095461
"TIG009_1108723",5,34.1,0.688303820588992
"TIG009_1555497",5,34.7,5.81649209091598
"TIG009_1555509",5,34.7,5.81649209091598
"TIG009_1555545",5,34.7,5.81649209091598
"TIG009_1555650",5,34.7,5.81649209091598
"TIG009_1555659",5,34.7,5.81649209091598
"TIG009_1899615",5,39.8,5.13886863586134
"TIG009_1980916",5,39.8,5.13886863586134
"TIG009_1932823",5,39.8,0.800939177567081
"TIG009_1920357",5,39.8,0.800939177567081
"TIG009_2048606",5,40.6,1.13611333978267
"TIG009_2048610",5,40.6,1.13611333978267
"TIG009_2048611",5,40.6,1.13611333978267
"TIG009_2012439",5,41,0.348856171147624
"TIG009_2012557",5,41,0.348856171147624
"TIG009_2012675",5,41,0.348856171147624
"TIG009_2012733",5,41,0.348856171147624
"TIG009_2123436",5,41,0.348856171147624
"TIG009_2123472",5,41,0.348856171147624
"TIG009_2123486",5,41,0.348856171147624
"TIG009_2123498",5,41,0.348856171147624
"TIG009_2123527",5,41,0.348856171147624
"TIG009_2147252",5,41,0.348856171147624
"TIG009_2147259",5,41,0.348856171147624
"TIG009_2147275",5,41,0.348856171147624
"TIG009_2147285",5,41,0.348856171147624
"TIG009_2147328",5,41,0.348856171147624
"TIG009_2147404",5,41,0.348856171147624
"TIG009_2147409",5,41,0.348856171147624
"TIG009_2147426",5,41,0.348856171147624
"TIG009_2150553",5,41,0.348856171147624
"TIG009_2174592",5,41,0.348856171147624
"TIG009_2189637",5,41,0.348856171147624
"TIG009_2192431",5,41,0.348856171147624
"TIG009_2192449",5,41,0.348856171147624
"TIG009_2120932",5,41,24.2613545620293
"TIG009_2181339",5,41,24.2613545620293
"TIG009_2120868",5,41,24.2613545620293
"TIG009_2513887",5,65,24.9404251418659
"TIG009_2538261",5,65,24.9404251418659
"TIG009_2538283",5,65,24.9404251418659
"TIG009_2541741",5,65,24.9404251418659
"TIG009_2610075",5,65,24.9404251418659
"TIG009_2538155",5,65,24.9404251418659
"TIG009_2514130",5,65,24.9404251418659
"TIG009_2513712",5,65,24.9404251418659
"TIG009_2541643",5,65,24.9404251418659
"TIG049_874136",5,66.1,1.2657489973886
"TIG049_1062754",5,66.3,0.143775814784448
"TIG049_975175",5,66.3,0.143775814784448
"TIG049_985514",5,66.3,1.27970459188876
"TIG049_1061691",5,66.3,1.27970459188876
"TIG049_857700",5,66.3,1.27970459188876
"TIG049_982654",5,66.3,1.27970459188876
"TIG049_796701",5,67.6,1.25644772972445
"TIG049_810641",5,67.6,1.25644772972445
"TIG012_18068",6,0,0.137514463399268
"TIG012_74266",6,0,0.137514463399268
"TIG012_74271",6,0,0.137514463399268
"TIG012_98571",6,0,0.137514463399268
"TIG012_98615",6,0,0.137514463399268
"TIG012_98627",6,0,0.137514463399268
"TIG012_130117",6,0,0.137514463399268
"TIG012_130164",6,0,0.137514463399268
"TIG012_130168",6,0,0.137514463399268
"TIG012_185616",6,0,0.137514463399268
"TIG012_185636",6,0,0.137514463399268
"TIG012_185740",6,0,0.137514463399268
"TIG012_185747",6,0,0.137514463399268
"TIG012_187995",6,0,0.137514463399268
"TIG012_188028",6,0,0.137514463399268
"TIG012_188029",6,0,0.137514463399268
"TIG012_188122",6,0,0.137514463399268
"TIG012_188137",6,0,0.137514463399268
"TIG012_188140",6,0,0.137514463399268
"TIG012_188148",6,0,0.137514463399268
"TIG012_212751",6,0,0.137514463399268
"TIG012_212768",6,0,0.137514463399268
"TIG012_212776",6,0,0.137514463399268
"TIG012_212777",6,0,0.137514463399268
"TIG012_212785",6,0,0.137514463399268
"TIG012_212798",6,0,0.137514463399268
"TIG012_212807",6,0,0.137514463399268
"TIG012_212819",6,0,0.137514463399268
"TIG012_212856",6,0,0.137514463399268
"TIG012_212882",6,0,0.137514463399268
"TIG012_212914",6,0,0.137514463399268
"TIG012_233167",6,0,0.137514463399268
"TIG012_233256",6,0,0.137514463399268
"TIG012_233260",6,0,0.137514463399268
"TIG012_262401",6,0,0.137514463399268
"TIG012_262411",6,0,0.137514463399268
"TIG012_262422",6,0,0.137514463399268
"TIG012_262542",6,0,0.137514463399268
"TIG012_262560",6,0,0.137514463399268
"TIG012_262603",6,0,0.137514463399268
"TIG012_18143",6,0.1,28.7893047708647
"TIG012_18205",6,0.1,28.7893047708647
"TIG012_338705",6,28.5,29.2239905799191
"TIG012_338751",6,28.5,29.2239905799191
"TIG012_349794",6,28.5,29.2239905799191
"TIG012_326816",6,28.5,29.2239905799191
"TIG012_373614",6,29.6,2.16915621777879
"TIG012_373659",6,29.6,2.16915621777879
"TIG012_544806",6,29.6,2.16915621777879
"TIG012_605288",6,30.7,1.06993563563925
"TIG012_605388",6,30.7,1.06993563563925
"TIG012_635693",6,30.7,1.06993563563925
"TIG012_635796",6,30.7,1.06993563563925
"TIG012_711656",6,30.7,1.06993563563925
"TIG012_713784",6,30.7,1.06993563563925
"TIG012_713858",6,30.7,1.06993563563925
"TIG012_713865",6,30.7,1.06993563563925
"TIG012_1174321",6,30.7,1.06993563563925
"TIG012_1174331",6,30.7,1.06993563563925
"TIG012_1174337",6,30.7,1.06993563563925
"TIG012_1174356",6,30.7,1.06993563563925
"TIG012_1174362",6,30.7,1.06993563563925
"TIG012_1174392",6,30.7,1.06993563563925
"TIG012_1174401",6,30.7,1.06993563563925
"TIG012_1174437",6,30.7,1.06993563563925
"TIG012_587832",6,30.7,2.43927052686874
"TIG012_1161201",6,30.7,2.43927052686874
"TIG012_1429831",6,33.1,5.94378710664034
"TIG012_1496881",6,33.1,5.94378710664034
"TIG012_1499914",6,33.1,5.94378710664034
"TIG012_1524898",6,33.1,5.94378710664034
"TIG012_1525102",6,33.1,5.94378710664034
"TIG012_1833793",6,36.6,3.87932449894301
"TIG012_1823211",6,37,0.418910172262962
"TIG012_1785421",6,37,14.1425213064487
"TIG012_1803591",6,37,14.1425213064487
"TIG012_1803647",6,37,14.1425213064487
"TIG012_1803705",6,37,14.1425213064487
"TIG012_1823178",6,37,14.1425213064487
"TIG012_1823372",6,37,14.1425213064487
"TIG012_1834801",6,37,14.1425213064487
"TIG012_1834819",6,37,14.1425213064487
"TIG012_1834916",6,37,14.1425213064487
"TIG012_1860943",6,37,14.1425213064487
"TIG012_1907276",6,37,14.1425213064487
"TIG012_2464000",6,51,13.6995570377252
"TIG012_2427811",6,51,0.0119053243468592
"TIG012_2198695",6,51,0.0119053243468592
"TIG012_2178261",6,51,0
"TIG012_2074641",6,51,19.4540643026703
"TIG012_2427835",6,51,0.0119053243468592
"TIG012_2436251",6,51,0.0119053243468592
"TIG012_2436265",6,51,0.0119053243468592
"TIG012_2437876",6,51,0.0119053243468592
"TIG012_2437886",6,51,0.0119053243468592
"TIG012_2437986",6,51,0.0119053243468592
"TIG012_2458678",6,51,0.0119053243468592
"TIG012_2588872",6,51,0.0119053243468592
"TIG012_2588955",6,51,0.0119053243468592
"TIG012_2495159",6,51,0.0119053243468592
"TIG012_2495176",6,51,0.0119053243468592
"TIG012_2494474",6,51,0.0119053243468592
"TIG012_2494518",6,51,0.0119053243468592
"TIG012_2486680",6,51,0.0119053243468592
"TIG012_2110103",6,51,0.0119053243468592
"TIG012_2198718",6,51,0.0119053243468592
"TIG012_2699859",6,70.1,29.8336937916755
"TIG012_2699864",6,70.1,29.8336937916755
"TIG012_3440791",6,81,26.8553022641222
"TIG012_3811530",6,96.9,20.844168046973
"TIG012_3811539",6,96.9,20.844168046973
"TIG012_3811577",6,96.9,20.844168046973
"TIG012_4066856",6,101.9,5.13403124464966
"TIG012_4079578",6,101.9,5.13403124464966
"TIG012_4462625",6,101.9,5.13403124464966
"TIG012_4512838",6,101.9,5.13403124464966
"TIG012_4633121",6,101.9,5.13403124464966
"TIG012_4719726",6,101.9,5.13403124464966
"TIG012_4733093",6,101.9,5.13403124464966
"TIG012_4733108",6,101.9,5.13403124464966
"TIG012_4733114",6,101.9,5.13403124464966
"TIG012_4733154",6,101.9,5.13403124464966
"TIG012_4753421",6,101.9,5.13403124464966
"TIG012_4068657",6,101.9,5.13403124464966
"TIG012_4516378",6,101.9,5.13403124464966
"TIG012_4753523",6,101.9,5.13403124464966
"TIG012_4702385",6,101.9,5.13403124464966
"TIG012_4300669",6,102.1,5.10434190843104
"TIG012_5385813",6,107,5.29395180412217
"TIG012_5385818",6,107,5.29395180412217
"TIG012_5402206",6,107.5,1.40710403855473
"TIG012_5415031",6,107.5,1.40710403855473
"TIG012_5422344",6,107.5,1.40710403855473
"TIG012_5019935",6,107.5,1.40710403855473
"TIG012_5021958",6,107.5,1.40710403855473
"TIG012_5021987",6,107.5,1.40710403855473
"TIG012_5512456",6,108.4,29.1077142252641
"TIG012_5512503",6,108.4,29.1077142252641
"TIG012_5512521",6,108.4,29.1077142252641
"TIG012_5624995",6,136.3,33.7867869274439
"TIG012_5644516",6,136.3,33.7867869274439
"TIG012_5644564",6,136.3,33.7867869274439
"TIG012_5723140",6,142.3,5.93486617053775
"TIG012_5766514",6,142.3,0
"TIG012_5758400",6,142.3,5.93486617053775
"TIG012_5758418",6,142.3,5.93486617053775
"TIG012_5759362",6,142.3,5.93486617053775
"TIG012_5764503",6,142.3,5.93486617053775
"TIG012_5764519",6,142.3,5.93486617053775
"TIG012_5722930",6,142.3,5.93486617053775
"TIG012_5764375",6,142.3,5.93486617053775
"TIG012_5764447",6,142.3,5.93486617053775
"TIG012_5764448",6,142.3,5.93486617053775
"TIG012_5764453",6,142.3,5.93486617053775
"TIG012_5764205",6,142.3,0
"TIG012_5764215",6,142.3,0
"TIG012_5764248",6,142.3,0
"TIG015_1582158",7,0,0.445687159090139
"TIG015_1611938",7,0,0.445687159090139
"TIG015_1672900",7,0,0.445687159090139
"TIG015_1875099",7,0,0.445687159090139
"TIG015_1875114",7,0,0.445687159090139
"TIG015_1771208",7,0,0.445687159090139
"TIG015_1672860",7,0,0.445687159090139
"TIG015_1443548",7,0.4,0.862590764267167
"TIG015_1478080",7,0.9,1.70741151064107
"TIG015_1233523",7,2.1,11.1413135562311
"TIG015_746475",7,11.9,9.83717343421101
"TIG015_724276",7,12.1,0.375606105490956
"TIG015_743544",7,12.3,8.73016555424564
"TIG015_743587",7,12.3,8.73016555424564
"TIG015_700326",7,20.7,27.2323059614537
"TIG015_349603",7,39.4,18.5646854553531
"TIG015_360959",7,39.4,18.5646854553531
"TIG015_510216",7,39.4,18.5646854553531
"TIG015_588248",7,39.4,18.5646854553531
"TIG015_633542",7,39.4,18.5646854553531
"TIG015_360979",7,39.4,18.5646854553531
"TIG015_253572",7,39.4,18.5646854553531
"TIG015_349336",7,39.4,18.5646854553531
"TIG015_359699",7,39.4,18.5646854553531
"TIG015_650104",7,39.5,0.0317014639901316
"TIG015_360708",7,39.5,0.00547169357557209
"TIG015_360740",7,39.5,0.00547169357557209
"TIG015_360766",7,39.5,0.00547169357557209
"TIG015_324314",7,39.5,0.00547169357557209
"TIG015_2771717",8,0,1.74466347285002
"TIG015_2794782",8,0,1.74466347285002
"TIG015_2807170",8,0,1.74466347285002
"TIG015_2847903",8,1.7,2.87039378557704
"TIG015_2887240",8,1.7,2.87039378557704
"TIG015_2887392",8,1.7,2.87039378557704
"TIG015_3035627",8,2.9,1.17365877929927
"TIG015_3035848",8,2.9,5.23730456866332
"TIG015_3518325",8,8.1,13.7357009526679
"TIG015_3518492",8,8.1,13.7357009526679
"TIG015_3541102",8,8.1,13.7357009526679
"TIG015_3541110",8,8.1,13.7357009526679
"TIG015_3610778",8,16.6,11.1707325813882
"TIG015_3624663",8,16.6,11.1707325813882
"TIG015_3624671",8,16.6,11.1707325813882
"TIG015_3624676",8,16.6,11.1707325813882
"TIG015_3624754",8,16.6,11.1707325813882
"TIG015_3807985",8,19.3,4.00861170751846
"TIG015_3749283",8,19.3,4.00861170751846
"TIG015_3749294",8,19.3,4.00861170751846
"TIG015_3927776",8,20.6,2.64039490197456
"TIG015_3853089",8,20.6,2.64039490197456
"TIG015_4040663",8,21.9,2.58974922080717
"TIG015_4040692",8,21.9,2.58974922080717
"TIG015_4143922",8,21.9,2.58974922080717
"TIG015_4253235",8,23.2,15.4810245609658
"TIG015_4253397",8,23.2,15.4810245609658
"TIG015_4625729",8,37.3,13.9179545591947
"TIG015_4379919",8,37.3,0.0125006511027086
"TIG015_4381184",8,37.3,25.2155695969028
"TIG015_4379941",8,37.3,0.0125006511027086
"TIG015_4379961",8,37.3,0.0125006511027086
"TIG015_4379981",8,37.3,0.0125006511027086
"TIG015_4381219",8,37.3,25.2155695969028
"TIG040_214261",8,62.2,26.0570625304137
"TIG040_224049",8,62.2,26.0570625304137
"TIG040_237703",8,62.2,26.0570625304137
"TIG040_321956",8,63.6,3.79161167592247
"TIG040_321923",8,63.6,3.79161167592247
"TIG040_321656",8,63.6,3.79161167592247
"TIG040_321687",8,63.6,3.79161167592247
"TIG040_321694",8,63.6,3.79161167592247
"TIG040_321677",8,63.6,3.79161167592247
"TIG040_1101840",8,66,2.56982246949114
"TIG040_1101874",8,66,2.56982246949114
"TIG040_1101879",8,66,2.56982246949114
"TIG040_1101898",8,66,2.56982246949114
"TIG040_1101939",8,66,2.56982246949114
"TIG040_1102047",8,66,2.56982246949114
"TIG040_1160556",8,66,2.56982246949114
"TIG040_1000201",8,66,2.56982246949114
"TIG040_871924",8,66.2,4.12116978725344
"TIG040_871969",8,66.2,4.12116978725344
"TIG040_871979",8,66.2,4.12116978725344
"TIG040_871993",8,66.2,4.12116978725344
"TIG040_872082",8,66.2,4.12116978725344
"TIG040_872092",8,66.2,4.12116978725344
"TIG040_872104",8,66.2,4.12116978725344
"TIG040_872131",8,66.2,4.12116978725344
"TIG040_872139",8,66.2,4.12116978725344
"TIG040_639430",8,70.1,5.21607734764966
"TIG040_639454",8,70.1,5.21607734764966
"TIG040_639483",8,70.1,5.21607734764966
"TIG040_639491",8,70.1,5.21607734764966
"TIG040_672098",8,70.1,5.21607734764966
"TIG040_675097",8,70.1,5.21607734764966
"TIG040_675153",8,70.1,5.21607734764966
"TIG040_675183",8,70.1,5.21607734764966
"TIG062_256151",8,71.4,7.79400502697668
"TIG062_256189",8,71.4,7.79400502697668
"TIG062_105798",8,77.9,6.44254523503043
"TIG062_105819",8,77.9,6.44254523503043
"TIG062_113000",8,77.9,6.44254523503043
"TIG062_113020",8,77.9,6.44254523503043
"TIG062_113026",8,77.9,6.44254523503043
"TIG062_113043",8,77.9,6.44254523503043
"TIG062_147235",8,77.9,6.44254523503043
"TIG062_147298",8,77.9,6.44254523503043
"TIG062_147316",8,77.9,6.44254523503043
"TIG062_161043",8,77.9,6.44254523503043
"TIG062_164005",8,77.9,6.44254523503043
"TIG062_164032",8,77.9,6.44254523503043
"TIG062_164040",8,77.9,6.44254523503043
"TIG062_164062",8,77.9,6.44254523503043
"TIG062_164249",8,77.9,6.44254523503043
"TIG062_172270",8,77.9,6.44254523503043
"TIG062_172289",8,77.9,6.44254523503043
"TIG062_172337",8,77.9,6.44254523503043
"TIG062_172355",8,77.9,6.44254523503043
"TIG062_160908",8,77.9,0.0615051114739629
"TIG062_160965",8,77.9,0.0615051114739629
"TIG062_160982",8,77.9,0.0615051114739629
"TIG062_160989",8,77.9,0.0615051114739629
"TIG017_233462",9,0,0
"TIG017_197627",9,0,0.651232518383
"TIG017_395895",9,0,0
"TIG017_395889",9,0,0
"TIG017_197638",9,0,0.651232518383
"TIG017_209841",9,0,0.651232518383
"TIG017_209846",9,0,0.651232518383
"TIG017_232537",9,0,0.651232518383
"TIG017_232583",9,0,0.651232518383
"TIG017_233180",9,0,0.651232518383
"TIG017_233233",9,0,0.651232518383
"TIG017_380445",9,0,0.651232518383
"TIG017_380473",9,0,0.651232518383
"TIG017_380545",9,0,0.651232518383
"TIG017_380554",9,0,0.651232518383
"TIG017_395787",9,0,0.651232518383
"TIG017_395826",9,0,0.651232518383
"TIG017_395834",9,0,0.651232518383
"TIG017_451009",9,0,0.651232518383
"TIG017_451014",9,0,0.651232518383
"TIG017_257252",9,0,0.651232518383
"TIG017_396118",9,0,0.651232518383
"TIG017_233285",9,0,0.651232518383
"TIG017_233313",9,0,0.651232518383
"TIG017_233338",9,0,0.651232518383
"TIG017_470820",9,0.6,1.83075268148339
"TIG017_471181",9,1.8,10.98599917569
"TIG017_570883",9,11.5,9.7882573303597
"TIG017_606906",9,11.5,9.7882573303597
"TIG017_607068",9,11.5,9.7882573303597
"TIG017_607976",9,11.5,9.7882573303597
"TIG017_608004",9,11.5,9.7882573303597
"TIG017_608028",9,11.5,9.7882573303597
"TIG017_637376",9,11.5,9.7882573303597
"TIG017_637466",9,11.5,9.7882573303597
"TIG017_646781",9,11.5,9.7882573303597
"TIG017_646606",9,11.5,9.7882573303597
"TIG017_630494",9,11.7,0.308195100208636
"TIG017_702402",9,11.9,1.0920220383831
"TIG120_101457",9,12.8,0.931183693821423
"TIG120_103228",9,12.8,0.931183693821423
"TIG120_103239",9,12.8,0.931183693821423
"TIG120_103250",9,12.8,0.931183693821423
"TIG120_103266",9,12.8,0.931183693821423
"TIG120_103281",9,12.8,0.931183693821423
"TIG120_103302",9,12.8,0.931183693821423
"TIG120_103307",9,12.8,0.931183693821423
"TIG120_103312",9,12.8,0.931183693821423
"TIG120_109509",9,12.8,0.931183693821423
"TIG120_109531",9,12.8,0.931183693821423
"TIG120_109590",9,12.8,0.931183693821423
"TIG120_116980",9,12.8,0.931183693821423
"TIG120_125039",9,12.8,0.931183693821423
"TIG120_238540",9,12.8,0.931183693821423
"TIG120_238586",9,12.8,0.931183693821423
"TIG120_238600",9,12.8,0.931183693821423
"TIG120_238624",9,12.8,0.931183693821423
"TIG120_238659",9,12.8,0.931183693821423
"TIG120_238686",9,12.8,0.931183693821423
"TIG120_285373",9,12.8,0.931183693821423
"TIG120_285904",9,12.8,0.931183693821423
"TIG120_307559",9,12.8,0.931183693821423
"TIG120_101538",9,12.8,7.57653534659796
"TIG120_101576",9,12.8,7.57653534659796
"TIG120_568798",9,20.3,8.64680146451396
"TIG120_568799",9,20.3,8.64680146451396
"TIG120_442570",9,21.5,11.4158800116722
"TIG120_446350",9,21.5,11.4158800116722
"TIG120_473319",9,21.5,11.4158800116722
"TIG120_473326",9,21.5,11.4158800116722
"TIG120_473404",9,21.5,11.4158800116722
"TIG120_473435",9,21.5,11.4158800116722
"TIG120_473491",9,21.5,11.4158800116722
"TIG120_473504",9,21.5,11.4158800116722
"TIG120_473514",9,21.5,11.4158800116722
"TIG120_473541",9,21.5,11.4158800116722
"TIG120_574751",9,21.5,11.4158800116722
"TIG120_574615",9,21.5,11.4158800116722
"TIG120_574567",9,21.5,11.4158800116722
"TIG120_574547",9,21.5,11.4158800116722
"TIG120_475218",9,21.5,11.4158800116722
"TIG120_475225",9,21.5,11.4158800116722
"TIG120_862678",9,31.6,16.4154756681965
"TIG120_1065042",9,31.6,16.4154756681965
"TIG120_1065056",9,31.6,16.4154756681965
"TIG120_1065061",9,31.6,16.4154756681965
"TIG120_1065091",9,31.6,16.4154756681965
"TIG120_1065106",9,31.6,16.4154756681965
"TIG120_1065115",9,31.6,16.4154756681965
"TIG120_1065147",9,31.6,16.4154756681965
"TIG120_1440488",9,31.6,16.4154756681965
"TIG120_1465046",9,31.6,16.4154756681965
"TIG120_1465104",9,31.6,16.4154756681965
"TIG120_1526604",9,31.6,16.4154756681965
"TIG120_1526989",9,31.6,16.4154756681965
"TIG120_1527009",9,31.6,16.4154756681965
"TIG120_1546495",9,31.6,16.4154756681965
"TIG120_1606179",9,31.6,16.4154756681965
"TIG120_1646678",9,31.6,16.4154756681965
"TIG120_1428876",9,31.6,16.4154756681965
"TIG120_1526950",9,31.6,16.4154756681965
"TIG120_1520781",9,31.6,16.4154756681965
"TIG120_1435445",9,31.6,16.4154756681965
"TIG120_994955",9,31.6,16.4154756681965
"TIG120_1902565",9,37.9,31.2212281011667
"TIG120_1902611",9,37.9,31.2212281011667
"TIG120_1886174",9,37.9,31.2212281011667
"TIG120_1886198",9,37.9,31.2212281011667
"TIG120_2205495",9,62.7,25.6953016871369
"TIG120_2205529",9,62.7,25.6953016871369
"TIG120_2322173",9,63.9,7.90527075579101
"TIG120_2322183",9,63.9,7.90527075579101
"TIG120_2786240",9,70.5,6.88976845365432
"TIG120_2555071",9,70.8,10.1192326079496
"TIG120_2555135",9,70.8,10.1192326079496
"TIG120_2666668",9,70.8,10.1192326079496
"TIG120_2666691",9,70.8,10.1192326079496
"TIG120_2855829",9,70.8,10.1192326079496
"TIG120_2855874",9,70.8,10.1192326079496
"TIG120_2855922",9,70.8,10.1192326079496
"TIG120_2919979",9,70.8,10.1192326079496
"TIG120_2920066",9,70.8,10.1192326079496
"TIG120_3075672",9,80.6,9.74245623838901
"TIG120_3070537",9,80.6,1.2551698998412
"TIG120_3153371",9,81.8,1.25740389873785
"TIG120_3153385",9,81.8,1.25740389873785
"TIG120_3153418",9,81.8,1.25740389873785
"TIG120_3138876",9,81.9,0.395321802886514
"TIG120_3138963",9,81.9,0.395321802886514
"TIG120_3151419",9,81.9,0.395321802886514
"TIG120_3151439",9,81.9,0.395321802886514
"TIG120_3151511",9,81.9,0.395321802886514
"TIG120_3142008",9,82.2,6.98041107824732
"TIG120_3364088",9,88.8,7.02666983455482
"TIG120_3338151",9,89.3,13.1601970297682
"TIG120_3497138",9,101.9,13.6036516359217
"TIG120_3497156",9,101.9,13.6036516359217
"TIG120_3497163",9,101.9,13.6036516359217
"TIG120_3497190",9,101.9,13.6036516359217
"TIG120_3497196",9,101.9,13.6036516359217
"TIG120_3497230",9,101.9,13.6036516359217
"TIG120_3529376",9,101.9,13.6036516359217
"TIG120_3644699",9,103,1.35962504346039
"TIG120_3644748",9,103,1.35962504346039
"TIG120_3600013",9,103,1.35962504346039
"TIG120_3600062",9,103,1.35962504346039
"TIG120_3600082",9,103,1.35962504346039
"TIG120_3556976",9,103.3,4.40369231037946
"TIG120_3557032",9,103.3,4.40369231037946
"TIG120_3644499",9,103.3,4.40369231037946
"TIG120_3644532",9,103.3,4.40369231037946
"TIG120_4062718",9,107.4,6.87574538934689
"TIG120_4062765",9,107.4,6.87574538934689
"TIG120_4062772",9,107.4,6.87574538934689
"TIG120_4064062",9,107.4,6.87574538934689
"TIG120_4070851",9,110.2,3.85530859039935
"TIG120_4094694",9,111.2,1.09913739684176
"TIG120_4094746",9,111.2,1.09913739684176
"TIG120_4091951",9,111.3,0.0923357504143212
"TIG120_4094883",9,111.3,0.0923357504143212
"TIG120_4103782",9,111.3,0.0923357504143212
"TIG120_4103796",9,111.3,0.0923357504143212
"TIG120_4103869",9,111.3,0.0923357504143212
"TIG120_4136945",9,111.3,0.0923357504143212
"TIG120_4185126",9,111.3,0.0923357504143212
"TIG120_4185142",9,111.3,0.0923357504143212
"TIG120_4209838",9,111.3,0.0923357504143212
"TIG120_4289625",9,111.3,0.0923357504143212
"TIG120_4289736",9,111.3,0.0923357504143212
"TIG120_4239758",9,111.3,0.0923357504143212
"TIG120_4239766",9,111.3,0.0923357504143212
"TIG120_4203215",9,111.3,15.4650493683759
"TIG120_4385963",9,126.6,15.3888262473639
"TIG120_4406861",9,126.9,0.271315033782315
"TIG019_2930038",10,0,2.7597395521272
"TIG019_2954035",10,2.7,5.28596830633285
"TIG019_2956145",10,2.7,5.28596830633285
"TIG019_3016490",10,5.3,2.52736334516554
"TIG019_3016685",10,5.3,0.268116392326597
"TIG019_3016597",10,5.3,2.52736334516554
"TIG019_3016607",10,5.3,2.52736334516554
"TIG019_3021916",10,5.3,2.52736334516554
"TIG019_3021950",10,5.3,2.52736334516554
"TIG019_3021972",10,5.3,2.52736334516554
"TIG019_3021666",10,5.3,2.52736334516554
"TIG019_2999370",10,5.3,0.268116392326597
"TIG019_3006329",10,5.3,0.268116392326597
"TIG019_2990124",10,5.3,0.268116392326597
"TIG019_2997210",10,5.6,7.69175938472507
"TIG019_3273747",10,12.9,8.531650733046
"TIG019_3831975",10,14.1,1.21800863586192
"TIG019_3746728",10,14.1,1.21800863586192
"TIG019_3714482",10,14.1,1.21800863586192
"TIG019_3361566",10,14.1,1.26840602814044
"TIG019_3361593",10,14.1,1.26840602814044
"TIG019_3378005",10,14.1,1.26840602814044
"TIG019_3378021",10,14.1,1.26840602814044
"TIG019_3378029",10,14.1,1.26840602814044
"TIG019_3508249",10,14.1,1.26840602814044
"TIG019_3535960",10,14.1,1.26840602814044
"TIG019_3535970",10,14.1,1.26840602814044
"TIG019_3746575",10,14.1,1.26840602814044
"TIG019_3746596",10,14.1,1.26840602814044
"TIG019_3765522",10,14.1,1.26840602814044
"TIG019_3765529",10,14.1,1.26840602814044
"TIG019_3765547",10,14.1,1.26840602814044
"TIG019_3765587",10,14.1,1.26840602814044
"TIG019_3765600",10,14.1,1.26840602814044
"TIG019_3378215",10,14.1,1.26840602814044
"TIG070_180009",10,15.4,1.24514916597611
"TIG070_180063",10,15.4,1.24514916597611
"TIG070_293963",10,15.4,1.24514916597611
"TIG051_622869",11,0,0.0897768928858961
"TIG051_622906",11,0,0.0897768928858961
"TIG051_308252",11,0.1,0.0985009914417267
"TIG051_308258",11,0.1,0.0985009914417267
"TIG051_308275",11,0.1,0.0985009914417267
"TIG051_622639",11,0.1,0.157916076513598
"TIG051_622645",11,0.1,0.157916076513598
"TIG051_622692",11,0.1,0.157916076513598
"TIG031_23557",11,0.2,3.89331857465789
"TIG051_4831",11,0.2,3.89331857465789
"TIG051_107922",11,0.2,3.89331857465789
"TIG051_107931",11,0.2,3.89331857465789
"TIG051_244525",11,0.2,3.89331857465789
"TIG051_244543",11,0.2,3.89331857465789
"TIG051_261249",11,0.2,3.89331857465789
"TIG051_261273",11,0.2,3.89331857465789
"TIG051_261328",11,0.2,3.89331857465789
"TIG051_261340",11,0.2,3.89331857465789
"TIG051_261356",11,0.2,3.89331857465789
"TIG051_277402",11,0.2,3.89331857465789
"TIG051_277512",11,0.2,3.89331857465789
"TIG051_557052",11,0.2,3.89331857465789
"TIG051_557074",11,0.2,3.89331857465789
"TIG051_557092",11,0.2,3.89331857465789
"TIG051_627235",11,0.2,3.89331857465789
"TIG051_627276",11,0.2,3.89331857465789
"TIG051_832385",11,0.2,3.89331857465789
"TIG051_832391",11,0.2,3.89331857465789
"TIG051_832456",11,0.2,3.89331857465789
"TIG051_622964",11,0.2,3.89331857465789
"TIG031_753066",11,4,3.75128242910335
"TIG031_524790",11,4,6.55408887780946
"TIG031_524796",11,4,6.55408887780946
"TIG031_524805",11,4,6.55408887780946
"TIG031_524812",11,4,6.55408887780946
"TIG031_524863",11,4,6.55408887780946
"TIG031_534095",11,4,6.55408887780946
"TIG031_534115",11,4,6.55408887780946
"TIG031_551568",11,4,6.55408887780946
"TIG031_551573",11,4,6.55408887780946
"TIG031_551632",11,4,6.55408887780946
"TIG031_551638",11,4,6.55408887780946
"TIG031_551639",11,4,6.55408887780946
"TIG031_551659",11,4,6.55408887780946
"TIG031_644109",11,4,6.55408887780946
"TIG031_687793",11,4,6.55408887780946
"TIG031_687810",11,4,6.55408887780946
"TIG031_687832",11,4,6.55408887780946
"TIG031_738313",11,4,6.55408887780946
"TIG031_738344",11,4,6.55408887780946
"TIG031_777013",11,4,6.55408887780946
"TIG031_777050",11,4,6.55408887780946
"TIG031_777170",11,4,6.55408887780946
"TIG031_551765",11,4,6.55408887780946
"TIG049_23859",11,10.4,7.59956151088223
"TIG049_90601",11,11.7,1.22901614567929
"TIG049_301498",11,11.7,1.22901614567929
"TIG049_327036",11,11.7,0.285368247830759
"TIG049_90821",11,11.7,0.285368247830759
"TIG049_90847",11,11.7,0.285368247830759
"TIG049_117453",11,11.7,0.285368247830759
"TIG049_146582",11,11.7,0.285368247830759
"TIG049_146598",11,11.7,0.285368247830759
"TIG049_146427",11,12,0.285368247830661
"TIG118_83501",12,0,15.5247520835799
"TIG118_83569",12,0,15.5247520835799
"TIG118_83578",12,0,15.5247520835799
"TIG118_308408",12,15.4,15.5944591925293
"TIG118_246648",12,15.7,6.75021435602453
"TIG118_247168",12,15.7,6.75021435602453
"TIG118_247227",12,15.7,6.75021435602453
"TIG118_261832",12,15.7,6.75021435602453
"TIG118_294718",12,15.7,6.75021435602453
"TIG118_311637",12,15.7,6.75021435602453
"TIG118_311672",12,15.7,6.75021435602453
"TIG118_311681",12,15.7,6.75021435602453
"TIG118_328275",12,15.7,6.75021435602453
"TIG118_328382",12,15.7,6.75021435602453
"TIG118_328390",12,15.7,6.75021435602453
"TIG118_328486",12,15.7,6.75021435602453
"TIG118_418846",12,15.7,6.75021435602453
"TIG118_418863",12,15.7,6.75021435602453
"TIG118_418877",12,15.7,6.75021435602453
"TIG118_294693",12,15.7,6.75021435602453
"TIG118_294769",12,15.7,6.75021435602453
"TIG118_247378",12,15.7,6.75021435602453
"TIG118_247408",12,15.7,6.75021435602453
"TIG118_452573",12,15.7,6.75021435602453
"TIG118_294881",12,15.7,6.75021435602453
"TIG118_294904",12,15.7,6.75021435602453
"TIG118_294909",12,15.7,6.75021435602453
"TIG118_1015324",12,22.1,6.36043245383931
"TIG118_824730",12,22.1,6.36043245383931
"TIG118_824747",12,22.1,6.36043245383931
"TIG118_1007176",12,22.1,0.125244055648597
"TIG118_1009050",12,22.2,0.120403799102267
"TIG118_1009073",12,22.2,0.120403799102267
"TIG118_1009079",12,22.2,0.120403799102267
"TIG118_1281316",12,22.3,0.0878998248422675
"TIG118_1281396",12,22.3,0.0878998248422675
"TIG118_1254000",12,22.3,0.0878998248422675
"TIG118_1254019",12,22.3,0.0878998248422675
"TIG118_1024332",12,22.3,0.0878998248422675
"TIG118_637090",12,22.3,3.89740624819766
"TIG118_637107",12,22.3,3.89740624819766
"TIG118_637108",12,22.3,3.89740624819766
"TIG118_745753",12,22.3,3.89740624819766
"TIG118_801577",12,22.3,3.89740624819766
"TIG118_801641",12,22.3,3.89740624819766
"TIG118_838761",12,22.3,3.89740624819766
"TIG118_838785",12,22.3,3.89740624819766
"TIG118_843724",12,22.3,3.89740624819766
"TIG118_843781",12,22.3,3.89740624819766
"TIG118_843795",12,22.3,3.89740624819766
"TIG118_858650",12,22.3,3.89740624819766
"TIG118_858756",12,22.3,3.89740624819766
"TIG118_858772",12,22.3,3.89740624819766
"TIG118_858783",12,22.3,3.89740624819766
"TIG118_1006916",12,22.3,3.89740624819766
"TIG118_1006929",12,22.3,3.89740624819766
"TIG118_1007332",12,22.3,3.89740624819766
"TIG118_1007450",12,22.3,3.89740624819766
"TIG118_1036735",12,22.3,3.89740624819766
"TIG118_1040047",12,22.3,3.89740624819766
"TIG118_1181852",12,22.3,3.89740624819766
"TIG118_1181872",12,22.3,3.89740624819766
"TIG118_1181911",12,22.3,3.89740624819766
"TIG118_1281524",12,22.3,3.89740624819766
"TIG118_1281544",12,22.3,3.89740624819766
"TIG118_1281577",12,22.3,3.89740624819766
"TIG118_1281599",12,22.3,3.89740624819766
"TIG118_1397923",12,22.3,3.89740624819766
"TIG118_1397982",12,22.3,3.89740624819766
"TIG121_6207867",12,22.3,3.89740624819766
"TIG121_6207932",12,22.3,3.89740624819766
"TIG121_6207938",12,22.3,3.89740624819766
"TIG121_6207970",12,22.3,3.89740624819766
"TIG121_6207972",12,22.3,3.89740624819766
"TIG121_6207987",12,22.3,3.89740624819766
"TIG121_6208010",12,22.3,3.89740624819766
"TIG121_6208057",12,22.3,3.89740624819766
"TIG118_1008828",12,22.3,3.89740624819766
"TIG118_1008857",12,22.3,3.89740624819766
"TIG118_1008874",12,22.3,3.89740624819766
"TIG118_1006976",12,22.3,3.89740624819766
"TIG118_1007022",12,22.3,3.89740624819766
"TIG121_5981336",12,26.1,3.8418179690171
"TIG121_6041362",12,26.2,0.0584121093108578
"TIG121_5981085",12,26.2,0.0253807321843098
"TIG121_6004334",12,26.2,0.0253807321843098
"TIG121_5981324",12,26.2,0.0253807321843098
"TIG121_5841496",12,26.2,0.0253807321843098
"TIG121_5841514",12,26.2,0.0253807321843098
"TIG121_5981189",12,26.2,1.23737494358739
"TIG121_5981200",12,26.2,1.23737494358739
"TIG121_5981206",12,26.2,1.23737494358739
"TIG121_5954323",12,27.4,1.20150210862598
"TIG121_5954337",12,27.4,1.20150210862598
"TIG121_5928953",12,27.4,1.20150210862598
"TIG121_5929063",12,27.4,1.20150210862598
"TIG121_5877606",12,27.4,0.00365089641090677
"TIG121_5882189",12,27.4,0.00365089641090677
"TIG121_5912446",12,27.4,0.00365089641090677
"TIG121_5929357",12,27.4,0.00365089641090677
"TIG121_5954242",12,27.4,0.00365089641090677
"TIG121_5913929",12,27.4,0.00722779578203259
"TIG121_5929153",12,27.4,3.88530300646223
"TIG121_5699308",12,31.3,3.90427612222697
"TIG121_5699348",12,31.3,3.90427612222697
"TIG121_5694432",12,31.4,0.115353391872574
"TIG121_5694489",12,31.4,0.115353391872574
"TIG121_5694505",12,31.4,0.115353391872574
"TIG121_5625724",12,31.4,1.20631594491262
"TIG121_5341457",12,32.6,2.37664644687046
"TIG121_5341467",12,32.6,2.37664644687046
"TIG121_5251461",12,33.8,22.7813262677229
"TIG121_5258205",12,33.8,22.7813262677229
"TIG121_4606833",12,55.1,33.5820034250273
"TIG121_5163072",12,55.1,33.5820034250273
"TIG121_5202730",12,55.1,33.5820034250273
"TIG121_5203335",12,55.1,33.5820034250273
"TIG121_4949154",12,55.1,33.5820034250273
"TIG121_5183654",12,55.1,33.5820034250273
"TIG121_3998402",12,67.4,14.6647980137848
"TIG121_3998412",12,67.4,14.6647980137848
"TIG121_3998434",12,67.4,14.6647980137848
"TIG121_4252940",12,67.4,14.6647980137848
"TIG121_4253122",12,67.4,14.6647980137848
"TIG121_4264081",12,67.4,14.6647980137848
"TIG121_4110797",12,67.4,14.6647980137848
"TIG121_4110632",12,67.4,14.6647980137848
"TIG121_3655030",12,69.9,2.48479722217252
"TIG121_3654849",12,69.9,9.8186300678356
"TIG121_3821570",12,69.9,2.48479722217252
"TIG121_1789326",12,79.5,9.62388115801115
"TIG121_1821385",12,79.5,9.62388115801115
"TIG121_1821386",12,79.5,9.62388115801115
"TIG121_1836950",12,79.5,9.62388115801115
"TIG121_1944977",12,79.5,9.62388115801115
"TIG121_2023881",12,79.5,9.62388115801115
"TIG121_2097923",12,79.5,9.62388115801115
"TIG121_2097929",12,79.5,9.62388115801115
"TIG121_2097970",12,79.5,9.62388115801115
"TIG121_2098036",12,79.5,9.62388115801115
"TIG121_1820389",12,79.5,9.62388115801115
"TIG121_1505784",12,79.7,22.8668301943151
"TIG121_1601152",12,79.7,22.8668301943151
"TIG121_1601164",12,79.7,22.8668301943151
"TIG121_1601230",12,79.7,22.8668301943151
"TIG121_1666009",12,79.7,22.8668301943151
"TIG121_1666027",12,79.7,22.8668301943151
"TIG121_1287417",12,102.2,22.4307967964594
"TIG121_1287436",12,102.2,22.4307967964594
"TIG121_1287456",12,102.2,22.4307967964594
"TIG121_1288083",12,102.4,5.88668850544525
"TIG121_1288112",12,102.4,5.88668850544525
"TIG121_1241981",12,102.4,5.88668850544525
"TIG121_1287794",12,102.4,5.88668850544525
"TIG121_1287838",12,102.4,5.88668850544525
"TIG121_1100097",12,108,25.0438458207217
"TIG121_884905",12,127.3,22.7710834239072
"TIG121_622781",12,130.9,3.5701746113667
"TIG121_617350",12,130.9,0.00406836196629001
"TIG121_617392",12,130.9,0.00406836196629001
"TIG121_617407",12,130.9,0.00406836196629001
"TIG121_617910",12,130.9,0.00406836196629001
"TIG121_617923",12,130.9,0.00406836196629001
"TIG121_707542",12,130.9,0.00406836196629001
"TIG121_707652",12,130.9,0.00406836196629001
"TIG121_707731",12,130.9,0.00406836196629001
"TIG121_707758",12,130.9,0.00406836196629001
"TIG121_707839",12,130.9,0.00406836196629001
"TIG121_721963",12,130.9,0.00406836196629001
"TIG121_705244",12,130.9,1.26379137943937
"TIG121_705776",12,130.9,1.26379137943937
"TIG121_439068",12,132.2,2.38319175695283
"TIG121_439096",12,132.2,2.38319175695283
"TIG121_439142",12,132.2,2.38319175695283
"TIG121_478572",12,132.2,2.38319175695283
"TIG121_478578",12,132.2,2.38319175695283
"TIG121_478579",12,132.2,2.38319175695283
"TIG121_383519",12,133.3,7.77178511647177
"TIG121_35001",12,139.9,6.77184722727663
"TIG121_35015",12,139.9,6.77184722727663
"TIG121_35035",12,139.9,6.77184722727663
"TIG121_35187",12,139.9,6.77184722727663
"TIG121_35197",12,139.9,6.77184722727663
"TIG121_35218",12,139.9,6.77184722727663
"TIG121_36427",12,139.9,6.77184722727663
"TIG121_38671",12,139.9,6.77184722727663
"TIG121_38704",12,139.9,6.77184722727663
"TIG121_38755",12,139.9,6.77184722727663
"TIG121_46751",12,139.9,6.77184722727663
"TIG121_46777",12,139.9,6.77184722727663
"TIG121_46950",12,139.9,6.77184722727663
"TIG121_46966",12,139.9,6.77184722727663
"TIG121_49631",12,139.9,6.77184722727663
"TIG121_49674",12,139.9,6.77184722727663
"TIG121_54126",12,139.9,6.77184722727663
"TIG121_54146",12,139.9,6.77184722727663
"TIG121_54151",12,139.9,6.77184722727663
"TIG121_54156",12,139.9,6.77184722727663
"TIG121_54241",12,139.9,6.77184722727663
"TIG121_81884",12,139.9,6.77184722727663
"TIG121_81909",12,139.9,6.77184722727663
"TIG121_81936",12,139.9,6.77184722727663
"TIG121_81941",12,139.9,6.77184722727663
"TIG121_206347",12,139.9,6.77184722727663
"TIG121_206412",12,139.9,6.77184722727663
"TIG121_236910",12,139.9,6.77184722727663
"TIG121_193584",12,139.9,6.77184722727663
"TIG121_82190",12,139.9,6.77184722727663
"TIG121_82223",12,139.9,6.77184722727663
"TIG121_81818",12,140.1,0.245373504542755
"TIG125_235335",13,0,0.698144908191873
"TIG125_319510",13,0,0.698144908191873
"TIG125_319556",13,0,0.698144908191873
"TIG125_319574",13,0,0.698144908191873
"TIG125_327505",13,0,0.698144908191873
"TIG125_362041",13,0,0.698144908191873
"TIG125_362048",13,0,0.698144908191873
"TIG125_362200",13,0,0.698144908191873
"TIG125_362216",13,0,0.698144908191873
"TIG125_362219",13,0,0.698144908191873
"TIG125_362231",13,0,0.698144908191873
"TIG125_495805",13,0,0.698144908191873
"TIG125_495812",13,0,0.698144908191873
"TIG125_593457",13,0,0.698144908191873
"TIG125_660619",13,0,0.698144908191873
"TIG125_667639",13,0,0.698144908191873
"TIG125_667716",13,0,0.698144908191873
"TIG125_694142",13,0,0.698144908191873
"TIG125_574855",13,0,0.698144908191873
"TIG125_574867",13,0,0.698144908191873
"TIG125_574875",13,0,0.698144908191873
"TIG125_687245",13,0,0.698144908191873
"TIG125_687264",13,0,0.698144908191873
"TIG125_687256",13,0,0.698144908191873
"TIG125_768008",13,0.7,9.26187128170728
"TIG125_1057803",13,9.2,8.53249730427515
"TIG125_1009610",13,9.2,8.53249730427515
"TIG125_1018400",13,9.3,0.300333086225777
"TIG125_1041875",13,9.3,0.300333086225777
"TIG125_1009252",13,9.3,0.300333086225777
"TIG125_1009294",13,9.3,0.300333086225777
"TIG125_1251612",13,9.3,0.300333086225777
"TIG125_1251624",13,9.3,0.300333086225777
"TIG125_1251636",13,9.3,0.300333086225777
"TIG125_1251641",13,9.3,0.300333086225777
"TIG125_1009243",13,9.3,0.300333086225777
"TIG125_1251764",13,9.3,0.300333086225777
"TIG125_1251790",13,9.3,0.300333086225777
"TIG125_1251839",13,9.3,0.300333086225777
"TIG125_1057524",13,9.5,24.1784975807169
"TIG125_1645330",13,33.3,35.125793127523
"TIG125_1697178",13,33.3,35.125793127523
"TIG125_1616374",13,33.3,35.125793127523
"TIG127_257301",13,44.7,21.1540168047777
"TIG127_257334",13,44.7,21.1540168047777
"TIG127_257170",13,44.7,21.1540168047777
"TIG127_1233915",13,54.4,18.6697832386986
"TIG127_1083073",13,54.4,18.6697832386986
"TIG131_204481",13,63.4,17.2270609511407
"TIG131_204537",13,63.4,17.2270609511407
"TIG131_308880",13,71.7,13.9438074798479
"TIG131_308896",13,71.7,13.9438074798479
"TIG131_308984",13,71.7,13.9438074798479
"TIG131_760638",13,77.4,5.71433158964643
"TIG131_374162",13,77.4,11.3309173336646
"TIG131_961556",13,88.6,11.0817803858146
"TIG131_1139069",13,88.6,0.0313460508950101
"TIG131_1139162",13,88.6,0.0313460508950101
"TIG131_1262713",13,88.6,0.0313460508950101
"TIG131_1262789",13,88.6,0.0313460508950101
"TIG131_1211807",13,88.6,0.0313460508950101
"TIG131_1211823",13,88.6,0.0313460508950101
"TIG131_961667",13,88.6,0.0313460508950101
"TIG131_961716",13,88.6,0.0313460508950101
"TIG131_917534",13,88.6,1.37263780820438
"TIG131_917559",13,88.6,1.37263780820438
"TIG131_917573",13,88.6,1.37263780820438
"TIG131_933596",13,88.6,1.37263780820438
"TIG131_1269003",13,90,1.46713063009653
"TIG131_1122241",13,90.1,3.832721992531
"TIG131_1775278",13,93.8,9.06989799603117
"TIG131_1863288",13,99.2,6.65661695623798
"TIG131_1863401",13,99.2,6.65661695623798
"TIG131_1863613",13,99.2,6.65661695623798
"TIG131_1863651",13,99.2,6.65661695623798
"TIG131_2066749",13,100.5,5.21540649166532
"TIG131_2079904",13,104.3,3.82085395664967
